Task,Best_Model,First_Turn_Pass_Rate,Avg_First_Turn_Latency_s
HumanEval_0,4b_nothink,1.000,2.390
HumanEval_1,8b_nothink,1.000,4.498
HumanEval_2,4b_nothink,1.000,1.249
HumanEval_3,4b_nothink,1.000,1.460
HumanEval_4,1.7b_nothink,1.000,1.751
HumanEval_5,4b_nothink,1.000,1.644
HumanEval_6,1.7b_nothink,1.000,1.796
HumanEval_7,0.6b_nothink,1.000,0.464
HumanEval_8,0.6b_nothink,1.000,0.699
HumanEval_9,4b_nothink,1.000,1.982
HumanEval_10,8b_nothink,1.000,4.709
HumanEval_11,1.7b_nothink,1.000,1.712
HumanEval_12,0.6b_nothink,1.000,0.657
HumanEval_13,0.6b_nothink,1.000,0.578
HumanEval_14,1.7b_nothink,1.000,0.740
HumanEval_15,0.6b_nothink,1.000,0.537
HumanEval_16,0.6b_nothink,1.000,0.600
HumanEval_17,4b_nothink,1.000,3.166
HumanEval_18,4b_nothink,1.000,1.843
HumanEval_19,8b_nothink,1.000,5.755
HumanEval_20,4b_nothink,1.000,3.502
HumanEval_21,1.7b_nothink,1.000,1.861
HumanEval_22,0.6b_nothink,1.000,0.587
HumanEval_23,0.6b_nothink,1.000,0.422
HumanEval_24,4b_nothink,1.000,1.630
HumanEval_25,1.7b_nothink,1.000,2.402
HumanEval_26,1.7b_think,1.000,20.791
HumanEval_27,0.6b_nothink,1.000,0.440
HumanEval_28,0.6b_nothink,1.000,0.504
HumanEval_29,0.6b_nothink,1.000,0.616
HumanEval_30,0.6b_nothink,1.000,0.515
HumanEval_31,1.7b_nothink,1.000,1.907
HumanEval_32,4b_think,0.600,388.258
HumanEval_33,4b_nothink,1.000,3.097
HumanEval_34,0.6b_nothink,1.000,0.540
HumanEval_35,0.6b_nothink,1.000,0.516
HumanEval_36,8b_nothink,1.000,2.699
HumanEval_37,1.7b_nothink,1.000,1.944
HumanEval_38,8b_nothink,1.000,5.102
HumanEval_39,4b_nothink,1.000,2.609
HumanEval_40,4b_nothink,1.000,3.602
HumanEval_41,1.7b_nothink,1.000,1.302
HumanEval_42,0.6b_nothink,1.000,0.529
HumanEval_43,1.7b_nothink,1.000,1.853
HumanEval_44,4b_nothink,1.000,1.798
HumanEval_45,0.6b_nothink,1.000,0.432
HumanEval_46,1.7b_nothink,1.000,2.660
HumanEval_47,0.6b_nothink,1.000,0.667
HumanEval_48,0.6b_nothink,1.000,0.526
HumanEval_49,0.6b_nothink,1.000,0.579
HumanEval_50,8b_nothink,1.000,2.559
HumanEval_51,1.7b_nothink,1.000,1.735
HumanEval_52,0.6b_nothink,1.000,0.506
HumanEval_53,0.6b_nothink,1.000,0.474
HumanEval_54,4b_think,1.000,16.789
HumanEval_55,0.6b_nothink,1.000,0.524
HumanEval_56,1.7b_nothink,1.000,1.540
HumanEval_57,4b_nothink,1.000,1.768
HumanEval_58,0.6b_nothink,1.000,0.719
HumanEval_59,1.7b_nothink,1.000,2.135
HumanEval_60,0.6b_nothink,1.000,0.555
HumanEval_61,1.7b_nothink,1.000,1.537
HumanEval_62,4b_nothink,1.000,1.615
HumanEval_63,0.6b_nothink,1.000,0.831
HumanEval_64,4b_think,1.000,24.671
HumanEval_65,1.7b_nothink,1.000,1.694
HumanEval_66,0.6b_nothink,1.000,0.629
HumanEval_67,4b_nothink,1.000,3.364
HumanEval_68,4b_nothink,1.000,4.574
HumanEval_69,1.7b_nothink,1.000,1.884
HumanEval_70,4b_nothink,1.000,2.510
HumanEval_71,1.7b_nothink,1.000,2.282
HumanEval_72,0.6b_nothink,1.000,0.772
HumanEval_73,4b_nothink,1.000,2.804
HumanEval_74,1.7b_nothink,1.000,2.206
HumanEval_75,1.7b_think,1.000,27.587
HumanEval_76,4b_nothink,1.000,1.361
HumanEval_77,4b_think,1.000,61.907
HumanEval_78,8b_nothink,1.000,3.299
HumanEval_79,0.6b_nothink,1.000,0.748
HumanEval_80,4b_nothink,1.000,1.966
HumanEval_81,4b_think,1.000,38.474
HumanEval_82,0.6b_nothink,1.000,0.682
HumanEval_83,8b_nothink,1.000,3.446
HumanEval_84,4b_nothink,1.000,2.288
HumanEval_85,4b_nothink,1.000,1.301
HumanEval_86,1.7b_nothink,1.000,1.840
HumanEval_87,4b_nothink,1.000,3.794
HumanEval_88,1.7b_nothink,1.000,2.069
HumanEval_89,8b_nothink,1.000,4.852
HumanEval_90,8b_nothink,1.000,3.387
HumanEval_91,4b_think,0.200,58.672
HumanEval_92,0.6b_nothink,1.000,0.770
HumanEval_93,8b_think,1.000,99.080
HumanEval_94,4b_nothink,1.000,2.379
HumanEval_95,1.7b_nothink,1.000,2.328
HumanEval_96,0.6b_nothink,1.000,0.855
HumanEval_97,1.7b_nothink,1.000,1.510
HumanEval_98,1.7b_nothink,1.000,1.595
HumanEval_99,4b_nothink,1.000,2.868
HumanEval_100,4b_nothink,1.000,2.281
HumanEval_101,8b_nothink,1.000,2.909
HumanEval_102,4b_think,1.000,36.370
HumanEval_103,1.7b_nothink,1.000,2.601
HumanEval_104,4b_nothink,1.000,1.995
HumanEval_105,1.7b_nothink,1.000,3.058
HumanEval_106,1.7b_nothink,1.000,2.481
HumanEval_107,1.7b_nothink,1.000,2.615
HumanEval_108,4b_think,1.000,44.768
HumanEval_109,1.7b_nothink,1.000,3.466
HumanEval_110,8b_nothink,1.000,6.120
HumanEval_111,1.7b_nothink,1.000,2.173
HumanEval_112,1.7b_nothink,1.000,1.603
HumanEval_113,1.7b_nothink,1.000,2.622
HumanEval_114,4b_nothink,1.000,1.721
HumanEval_115,4b_nothink,1.000,4.369
HumanEval_116,0.6b_nothink,1.000,0.886
HumanEval_117,4b_nothink,1.000,2.959
HumanEval_118,4b_nothink,1.000,3.305
HumanEval_119,4b_nothink,1.000,2.866
HumanEval_120,8b_nothink,1.000,5.573
HumanEval_121,0.6b_nothink,1.000,0.581
HumanEval_122,0.6b_nothink,1.000,0.705
HumanEval_123,1.7b_nothink,1.000,2.504
HumanEval_124,4b_nothink,1.000,4.442
HumanEval_125,8b_nothink,1.000,4.820
HumanEval_126,8b_think,1.000,99.215
HumanEval_127,1.7b_nothink,1.000,3.053
HumanEval_128,4b_nothink,1.000,2.478
HumanEval_129,4b_think,1.000,80.964
HumanEval_130,4b_think,0.800,93.376
HumanEval_131,4b_nothink,1.000,1.669
HumanEval_132,0.6b_nothink,0.000,0.805
HumanEval_133,8b_nothink,1.000,3.614
HumanEval_134,4b_nothink,1.000,2.908
HumanEval_135,1.7b_think,1.000,7.400
HumanEval_136,1.7b_nothink,1.000,2.143
HumanEval_137,8b_nothink,1.000,4.730
HumanEval_138,8b_nothink,1.000,3.796
HumanEval_139,1.7b_think,1.000,6.768
HumanEval_140,4b_think,0.600,44.844
HumanEval_141,4b_nothink,1.000,4.397
HumanEval_142,1.7b_nothink,1.000,2.004
HumanEval_143,1.7b_nothink,1.000,2.114
HumanEval_144,4b_nothink,1.000,2.352
HumanEval_145,0.6b_nothink,0.000,0.565
HumanEval_146,1.7b_nothink,1.000,2.203
HumanEval_147,1.7b_nothink,1.000,2.534
HumanEval_148,4b_nothink,1.000,3.888
HumanEval_149,1.7b_nothink,1.000,1.990
HumanEval_150,0.6b_nothink,1.000,0.732
HumanEval_151,1.7b_nothink,1.000,1.587
HumanEval_152,0.6b_nothink,1.000,0.900
HumanEval_153,8b_nothink,1.000,7.982
HumanEval_154,4b_nothink,1.000,1.450
HumanEval_155,4b_nothink,1.000,1.939
HumanEval_156,1.7b_nothink,1.000,2.391
HumanEval_157,1.7b_nothink,1.000,1.755
HumanEval_158,1.7b_nothink,1.000,2.041
HumanEval_159,8b_nothink,1.000,6.690
HumanEval_160,4b_think,1.000,21.966
HumanEval_161,1.7b_nothink,1.000,2.173
HumanEval_162,4b_nothink,1.000,1.440
HumanEval_163,4b_think,0.200,60.982
