length,predicted_acc,predicted_mean_lat,config
1,0.3561,1.66,0.6nt
1,0.5163,7.02,0.6t
1,0.6659,2.53,1.7nt
1,0.8455,15.31,1.7t
1,0.778,3.37,4nt
1,0.937,29.44,4t
1,0.8211,5.53,8nt
1,0.9309,54.37,8t
1,0.9012,9.63,14nt
1,0.9675,83.05,14t
2,0.563593346805534,8.305048,0.6nt->0.6t
2,0.6873031708840986,3.791309,0.6nt->1.7nt
2,0.840604153893317,12.786591999999999,0.6nt->1.7t
2,0.9062858917197452,8.240658,0.6nt->14nt
2,0.9488748927038626,64.59478599999998,0.6nt->14t
2,0.7757698107049608,5.046913999999999,0.6nt->4nt
2,0.9351791971370778,27.531901999999995,0.6nt->4t
2,0.8569564569798764,4.538232999999999,0.6nt->8nt
2,0.9376838649447643,41.07955799999999,0.6nt->8t
2,0.5797620746207461,7.348916,0.6t->0.6nt
2,0.7609309330819981,8.780668,0.6t->1.7nt
2,0.8531523818820773,17.022916000000002,0.6t->1.7t
2,0.9238388866799205,11.876348,0.6t->14nt
2,0.9641558615104272,55.723753,0.6t->14t
2,0.8426472826086957,8.238923999999999,0.6t->4nt
2,0.936633600156189,26.745286,0.6t->4t
2,0.86137158,10.908947999999999,0.6t->8nt
2,0.9423093551994037,33.725077,0.6t->8t
2,0.75365,6.154984999999999,1.7nt->0.6t
2,0.853837364568082,10.762223999999998,1.7nt->1.7t
2,0.9150380107526881,6.034708999999999,1.7nt->14nt
2,0.9748899972670129,38.429044999999995,1.7nt->14t
2,0.855559013002364,5.0324089999999995,1.7nt->4nt
2,0.9434001986379115,18.683735,1.7nt->4t
2,0.8897057779115257,4.060178,1.7nt->8nt
2,0.9509670128450396,24.333365999999998,1.7nt->8t
2,0.8484807073954984,15.41815,1.7t->0.6nt
2,0.8854358031674209,15.619,1.7t->1.7nt
2,0.9580900500277932,16.97551,1.7t->14nt
2,0.9670233870967742,35.198784999999994,1.7t->14t
2,0.9040134194831014,17.020315,1.7t->4nt
2,0.9322617951668585,15.992890000000001,1.7t->8nt
2,0.9435611987381703,26.559145,1.7t->8t
2,0.9124967197750703,10.887724,14nt->0.6t
2,0.9277377049180328,13.456524,14nt->1.7t
2,0.9780444444444445,23.480772,14nt->14t
2,0.9647142857142856,18.206828,14nt->4t
2,0.960461480787254,18.054676,14nt->8t
2,0.8154412265758092,5.663259999999999,4nt->0.6t
2,0.889053545586107,11.450799999999997,4nt->1.7t
2,0.9342715935334873,5.701,4nt->14nt
2,0.9841874414245548,26.98858,4nt->14t
2,0.9509293015332198,14.98282,4nt->4t
2,0.9021186685962373,4.32904,4nt->8nt
2,0.947739507959479,19.920099999999998,4nt->8t
2,0.845789819004525,8.23139,8nt->0.6t
2,0.9075143665158372,10.943513999999999,8nt->1.7t
2,0.9242235686492496,7.463908999999999,8nt->14nt
2,0.9876550904977376,31.728115999999993,8nt->14t
2,0.9628029702970298,16.711249999999996,8nt->4t
2,0.9544545858810451,23.371696999999998,8nt->8t
3,0.6208504722759026,8.601804524172236,0.6nt->0.6t->0.6nt
3,0.7843057031713685,9.893568217627855,0.6nt->0.6t->1.7nt
3,0.867510280023937,17.329937588061554,0.6nt->0.6t->1.7t
3,0.9312854732942312,12.686570798072438,0.6nt->0.6t->14nt
3,0.9676604909760731,52.246833910150784,0.6nt->0.6t->14t
3,0.8580323076952785,9.404792766050054,0.6nt->0.6t->4nt
3,0.9428291947884642,26.101711317270325,0.6nt->0.6t->4t
3,0.874925853194466,11.813757491683505,0.6nt->0.6t->8nt
3,0.9479500078187741,32.39905932286647,0.6nt->0.6t->8t
3,0.7694317154962517,7.184069595907529,0.6nt->1.7nt->0.6t
3,0.8632008601173772,11.496158869415808,0.6nt->1.7nt->1.7t
3,0.9204808601226766,7.071498737425804,0.6nt->1.7nt->14nt
3,0.9764985985223085,37.390583288503585,0.6nt->1.7nt->14t
3,0.8648122160175639,6.1334082500781,0.6nt->1.7nt->4nt
3,0.9470261047156091,18.910200687753825,0.6nt->1.7nt->4t
3,0.8967714650797038,5.2234604773508275,0.6nt->1.7nt->8nt
3,0.9541081723871989,24.197904068103718,0.6nt->1.7nt->8t
3,0.8436793149114523,12.898169092274676,0.6nt->1.7t->0.6nt
3,0.8818054557432911,13.105383692213366,0.6nt->1.7t->1.7nt
3,0.9567619939410443,14.504879221030041,0.6nt->1.7t->14nt
3,0.9659784134922832,33.3056192693133,0.6nt->1.7t->14t
3,0.9009717655897844,14.551104016400979,0.6nt->1.7t->4nt
3,0.9301152849635832,13.491121639791537,0.6nt->1.7t->8nt
3,0.94177274769983,24.392203555027585,0.6nt->1.7t->8t
3,0.9170010943534762,9.433638598407644,0.6nt->14nt->0.6t
3,0.9314575248391579,11.870205413694267,0.6nt->14nt->1.7t
3,0.9791746426043878,21.378438839808915,0.6nt->14nt->14t
3,0.9665306756141946,16.37597973980892,0.6nt->14nt->4t
3,0.9624967907819411,16.231660013057326,0.6nt->14nt->8t
3,0.8135871680136642,7.363211855417754,0.6nt->4nt->0.6t
3,0.8879389888520691,13.208892890339426,0.6nt->4nt->1.7t
3,0.9336112926844711,7.401330987597911,0.6nt->4nt->14nt
3,0.9840285900783289,28.902763839099215,0.6nt->4nt->14t
3,0.9504363423151084,16.7763952020235,0.6nt->4nt->4t
3,0.9011353627517289,6.015588417754569,0.6nt->4nt->8nt
3,0.9472145044013607,21.76327461194517,0.6nt->4nt->8t
3,0.876697760428355,6.698190499603864,0.6nt->8nt->0.6t
3,0.9260510190495514,8.866730611788938,0.6nt->8nt->1.7t
3,0.9394112396990917,6.084533700047535,0.6nt->8nt->14nt
3,0.9901293482757607,25.485529439866887,0.6nt->8nt->14t
3,0.9702582732334397,13.47845443875772,0.6nt->8nt->4t
3,0.9635831335724199,18.80396554539692,0.6nt->8nt->8t
3,0.7151815086812456,11.6857713899139,0.6t->0.6nt->0.6t
3,0.7959200702898936,8.73990353300533,0.6t->0.6nt->1.7nt
3,0.8959711450816225,14.610627350553507,0.6t->0.6nt->1.7t
3,0.9388379834718729,11.643747597375974,0.6t->0.6nt->14nt
3,0.9666334694441365,48.42297082656827,0.6t->0.6nt->14t
3,0.853657354314731,9.559367487494875,0.6t->0.6nt->4nt
3,0.9576950462548035,24.234075841738417,0.6t->0.6nt->4t
3,0.906643389101297,9.227379526445265,0.6t->0.6nt->8nt
3,0.9593297044366118,33.07588179171792,0.6t->0.6nt->8t
3,0.8237214467666873,11.374567376060321,0.6t->1.7nt->0.6t
3,0.8954116585723295,14.671329808859568,0.6t->1.7nt->1.7t
3,0.9392044792192393,11.28850251196984,0.6t->1.7nt->14nt
3,0.9820322510515304,34.46863924033931,0.6t->1.7nt->14t
3,0.8966436037526486,10.571295311215835,0.6t->1.7nt->4nt
3,0.9594993663592375,20.339657385485392,0.6t->1.7nt->4t
3,0.9210777109813276,9.87560432648445,0.6t->1.7nt->8nt
3,0.9649138865988065,24.382315307068804,0.6t->1.7nt->8t
3,0.8559854549004295,17.125709332682547,0.6t->1.7t->0.6nt
3,0.8911101655245495,17.316611236235847,0.6t->1.7t->1.7nt
3,0.9601658490041433,18.60593332331121,0.6t->1.7t->14nt
3,0.9686567180683788,35.926609880320186,0.6t->1.7t->14t
3,0.9087676328790242,18.648519132565408,0.6t->1.7t->4nt
3,0.9356168670852376,17.671982472081222,0.6t->1.7t->8nt
3,0.9463566114256926,27.71489107516595,0.6t->1.7t->8t
3,0.9325470927015229,12.845878972564613,0.6t->14nt->0.6t
3,0.9442957809260453,14.82606791888668,0.6t->14nt->1.7t
3,0.9830753081510936,22.55337447634195,0.6t->14nt->14t
3,0.972799602385686,18.487894247316106,0.6t->14nt->4t
3,0.9695212789243919,18.370606132803182,0.6t->14nt->8t
3,0.8691854751499889,9.864377570652172,0.6t->4nt->0.6t
3,0.9213615942028985,13.966562913043475,0.6t->4nt->1.7t
3,0.9534119668139371,9.891127532608694,0.6t->4nt->14nt
3,0.9887921213479482,24.979679603260863,0.6t->4nt->14t
3,0.9652188840178505,16.470044646739126,0.6t->4nt->4t
3,0.9306221014492754,8.918687739130434,0.6t->4nt->8nt
3,0.9629579710144928,19.969569081521733,0.6t->4nt->8t
3,0.8805035565158371,13.002237141999998,0.6t->8nt->0.6t
3,0.92833349780543,15.103843989199998,0.6t->8nt->1.7t
3,0.9412813473929962,12.4075212202,0.6t->8nt->14nt
3,0.9904340117420816,31.2096938248,0.6t->8nt->14t
3,0.971176269108911,19.57322425,0.6t->8nt->4t
3,0.9647071615564203,24.734360326599997,0.6t->8nt->8t
3,0.7859714432144322,6.322502999999999,1.7nt->0.6t->0.6nt
3,0.8782413383600377,7.051698999999999,1.7nt->0.6t->1.7nt
3,0.9252100253807107,11.249502999999999,1.7nt->0.6t->1.7t
3,0.9612108946322068,8.628338999999999,1.7nt->0.6t->14nt
3,0.9817444624417899,30.959966499999997,1.7nt->0.6t->14t
3,0.91985974378882,6.775786999999999,1.7nt->0.6t->4nt
3,0.9677272842639595,16.201138,1.7nt->0.6t->4t
3,0.92939609,8.135639,1.7nt->0.6t->8nt
3,0.970617964964592,19.755968499999998,1.7nt->0.6t->8t
3,0.8566572224863827,10.86453784480234,1.7nt->1.7t->0.6nt
3,0.891618091034364,11.054549270863834,1.7nt->1.7t->1.7nt
3,0.9603516586488183,12.337857209956073,1.7nt->1.7t->14nt
3,0.9688029213621121,29.577740059150806,1.7nt->1.7t->14t
3,0.9091931936928939,12.38024437423133,1.7nt->1.7t->4nt
3,0.9359171874573524,11.408262848609075,1.7nt->1.7t->8nt
3,0.9466068353848073,21.404325485797948,1.7nt->1.7t->8t
3,0.9247525024941802,7.116275123118279,1.7nt->14nt->0.6t
3,0.9378588224925083,9.325286843548387,1.7nt->14nt->1.7t
3,0.9811195579450418,17.945530272580648,1.7nt->14nt->14t
3,0.9696564324116742,13.41025928655914,1.7nt->14nt->4t
3,0.9659992789047777,13.27941782311828,1.7nt->14nt->8t
3,0.8799195883222379,6.524484395685579,1.7nt->4nt->0.6t
3,0.9278143451376986,10.290060926713949,1.7nt->4nt->1.7t
3,0.957234793226104,6.549039363475177,1.7nt->4nt->14nt
3,0.9897117947405619,20.39948560667849,1.7nt->4nt->14t
3,0.9680728823459228,12.588117029846336,1.7nt->4nt->4t
3,0.9363149724477379,5.6563940638297865,1.7nt->4nt->8nt
3,0.9659974907598425,15.800484580673759,1.7nt->4nt->8t
3,0.9049273786974916,5.725620753535962,1.7nt->8nt->0.6t
3,0.9429813806624064,7.397681160397232,1.7nt->8nt->1.7t
3,0.9532828253299515,5.2524585407764075,1.7nt->8nt->14nt
3,0.9923891996070171,20.211663882636177,1.7nt->8nt->14t
3,0.9770675379816044,10.953566880529644,1.7nt->8nt->4t
3,0.9719206482954301,15.059820768883544,1.7nt->8nt->8t
3,0.8973069927319094,16.981829099678457,1.7t->0.6nt->0.6t
3,0.9264177630885043,15.919678858520902,1.7t->0.6nt->1.7nt
3,0.9624917753592473,18.03640337620579,1.7t->0.6nt->1.7t
3,0.977947669834313,16.966677170418006,1.7t->0.6nt->14nt
3,0.9879694982266812,30.227645659163983,1.7t->0.6nt->14t
3,0.9472352855062,16.215141479099678,1.7t->0.6nt->4nt
3,0.9847466963878773,21.506195176848873,1.7t->0.6nt->4t
3,0.9663397166484692,16.095441237942122,1.7t->0.6nt->8nt
3,0.9853360821534153,24.694161093247587,1.7t->0.6nt->8t
3,0.9155256214016586,16.862021535633485,1.7t->1.7nt->0.6t
3,0.9498802605950591,18.44186180995475,1.7t->1.7nt->1.7t
3,0.9708662015581667,16.820778424773756,1.7t->1.7nt->14nt
3,0.9913896818450508,27.92892294966063,1.7t->1.7nt->14t
3,0.9504706205774045,16.477085834276018,1.7t->1.7nt->4nt
3,0.9805917067227441,21.158178916855203,1.7t->1.7nt->4t
3,0.9621796798298708,16.143704021493214,1.7t->1.7nt->8nt
3,0.9831863969119718,23.095459485294118,1.7t->1.7nt->8t
3,0.9628820030705385,17.50902366314619,1.7t->14nt->0.6t
3,0.9693470731603028,18.598682362423567,1.7t->14nt->1.7t
3,0.990686677783954,22.850865886603664,1.7t->14nt->14t
3,0.9850321607242118,20.613712757087267,1.7t->14nt->4t
3,0.9832281643503915,20.54917143413007,1.7t->14nt->8t
3,0.9202019569126976,18.011856376739562,1.7t->4nt->0.6t
3,0.9520298613528669,20.514226530815108,1.7t->4nt->1.7t
3,0.9715808784705164,18.028174095427435,1.7t->4nt->14nt
3,0.9931630926717111,27.232327301192843,1.7t->4nt->14t
3,0.9787832047324232,22.04137302683897,1.7t->4nt->4t
3,0.9576788545140158,17.434977027833003,1.7t->4nt->8nt
3,0.9774040273554045,24.17611457753479,1.7t->4nt->8t
3,0.9416102804492603,17.01573689298044,1.7t->8nt->0.6t
3,0.9649814936552651,18.042648078250863,1.7t->8nt->1.7t
3,0.9713082200762346,16.72513999424626,1.7t->8nt->14nt
3,0.995325757358799,25.91247271576524,1.7t->8nt->14t
3,0.9859158187970696,20.226527802071345,1.7t->8nt->4t
3,0.9827548094421463,22.7484211680092,1.7t->8nt->8t
3,0.9239772649460328,10.947226230552953,14nt->0.6t->0.6nt
3,0.9567514418944834,11.206235940018745,14nt->0.6t->1.7nt
3,0.9734346738091048,12.697291835051546,14nt->0.6t->1.7t
3,0.9862221475272079,11.766256933458294,14nt->0.6t->14nt
3,0.9935156508276323,19.69842928584817,14nt->0.6t->14t
3,0.971534258995151,11.108232266166823,14nt->0.6t->4nt
3,0.9885367627819353,14.456107767572634,14nt->0.6t->4t
3,0.9749215598875351,11.591250373008435,14nt->0.6t->8nt
3,0.9895635297532697,15.71878010121837,14nt->0.6t->8t
3,0.9291318327974276,13.507107606557376,14nt->1.7t->0.6nt
3,0.9464163637712336,13.601048590163934,14nt->1.7t->1.7nt
3,0.9803979988882713,14.235511540983607,14nt->1.7t->14nt
3,0.9845762735765908,22.75884924590164,14nt->1.7t->14t
3,0.955105432975915,14.256467606557377,14nt->1.7t->4nt
3,0.9683176819030731,13.775923344262296,14nt->1.7t->8nt
3,0.9736026064022341,18.717941704918033,14nt->1.7t->8t
3,0.8396555797925952,5.788759965928449,4nt->0.6t->0.6nt
3,0.9087816957741323,6.335053935264054,4nt->0.6t->1.7nt
3,0.9439693688647761,9.479935434412265,4nt->0.6t->1.7t
3,0.9709402487968272,7.516230085178875,4nt->0.6t->14nt
3,0.9863234437997056,24.246482896081766,4nt->0.6t->14t
3,0.9399610822478758,6.12834810902896,4nt->0.6t->4nt
3,0.9758221520953471,13.1895667802385,4nt->0.6t->4t
3,0.947105455536627,7.147112538330493,4nt->0.6t->8nt
3,0.977987772085076,15.852749880749572,4nt->0.6t->8t
3,0.8911939916519699,11.528462518089723,4nt->1.7t->0.6nt
3,0.9177314469815534,11.672692908827782,4nt->1.7t->1.7nt
3,0.9699044637276377,12.646802778581764,4nt->1.7t->14nt
3,0.9763194933320885,25.732937076700434,4nt->1.7t->14t
3,0.9310720337885854,12.678977250361791,4nt->1.7t->4nt
3,0.951357193174116,11.941183328509403,4nt->1.7t->8nt
3,0.9594712952014864,19.528811345875543,4nt->1.7t->8t
3,0.9417869314799864,6.537722614318707,4nt->14nt->0.6t
3,0.9519262600875443,8.246661182448037,4nt->14nt->1.7t
3,0.985393687451886,14.915465302540415,4nt->14nt->14t
3,0.9765255691191026,11.406882965357969,4nt->14nt->4t
3,0.9736963171872531,11.30566121939954,4nt->14nt->8t
3,0.9156271781338607,5.8070481041968165,4nt->8nt->0.6t
3,0.9493984519779191,7.290929088277858,4nt->8nt->1.7t
3,0.9585405366705575,5.3871371924746745,4nt->8nt->14nt
3,0.9932457452311884,18.662782170767006,4nt->8nt->14t
3,0.9796484360447623,10.446623212735165,4nt->8nt->4t
3,0.9750807950067131,14.090745180897251,4nt->8nt->8t
3,0.8660223970769121,8.336252923076922,8nt->0.6t->0.6nt
3,0.9237815090348472,8.792715058823529,8nt->0.6t->1.7nt
3,0.9531829692604523,11.420456542986424,8nt->0.6t->1.7t
3,0.9757187945629392,9.779660217194568,8nt->0.6t->14nt
3,0.9885723980068144,23.758813124434383,8nt->0.6t->14t
3,0.9498337998159131,8.619999656108597,8nt->0.6t->4nt
3,0.979797924356118,14.520081180995472,8nt->0.6t->4t
3,0.9558033621266969,9.471239855203619,8nt->0.6t->8nt
3,0.9816074327549191,16.745334092760178,8nt->0.6t->8t
3,0.9092986552647278,11.008253943438913,8nt->1.7t->0.6nt
3,0.9314204380668906,11.128485266968324,8nt->1.7t->1.7nt
3,0.9749121794662193,11.940509128959274,8nt->1.7t->14nt
3,0.9802597868316061,22.84918959841628,8nt->1.7t->14t
3,0.9425412316823044,11.967329962669682,8nt->1.7t->4nt
3,0.959451062879786,11.352300499999998,8nt->1.7t->8nt
3,0.966215027263514,17.677392973981895,8nt->1.7t->8t
3,0.9328877904156897,8.428542971095052,8nt->14nt->0.6t
3,0.9445771372213931,10.39873018621456,8nt->14nt->1.7t
3,0.9831607930331665,18.087006911061692,8nt->14nt->14t
3,0.9729369888033034,14.042061005558638,8nt->14nt->4t
3,0.9696752238174597,13.925365301278482,8nt->14nt->8t
4,0.7430293889511792,12.514627650284922,0.6nt->0.6t->0.6nt->0.6t
4,0.8158738079203032,9.856789460938998,0.6nt->0.6t->0.6nt->1.7nt
4,0.9061424758929465,15.15350836324464,0.6nt->0.6t->0.6nt->1.7t
4,0.944818046442703,12.47671269751251,0.6nt->0.6t->0.6nt->14nt
4,0.9698958529489451,45.65987936392551,0.6nt->0.6t->0.6nt->14t
4,0.8679658792161841,10.596131040000987,0.6nt->0.6t->0.6nt->4nt
4,0.9618313763128223,23.836032548126468,0.6nt->0.6t->0.6nt->4t
4,0.9157712505357021,10.296602913098951,0.6nt->0.6t->0.6nt->8nt
4,0.9633062072126359,31.81333861144148,0.6nt->0.6t->0.6nt->8t
4,0.840956928992118,12.233851338218507,0.6nt->0.6t->1.7nt->0.6t
4,0.9056376926904903,15.208275691485335,0.6nt->0.6t->1.7nt->1.7t
4,0.9451487083871275,12.156201391360199,0.6nt->0.6t->1.7nt->14nt
4,0.9837890320776513,33.06992041186431,0.6nt->0.6t->1.7nt->14t
4,0.9067491855022789,11.509118500874305,0.6nt->0.6t->1.7nt->4nt
4,0.9634592805883391,20.322387469292188,0.6nt->0.6t->1.7nt->4t
4,0.9287942691480563,10.881448097102988,0.6nt->0.6t->1.7nt->8nt
4,0.9683444008207228,23.969778028664347,0.6nt->0.6t->1.7nt->8t
4,0.870066351791964,17.4226803920448,0.6nt->0.6t->1.7t->0.6nt
4,0.9017567743842655,17.59491702801368,0.6nt->0.6t->1.7t->1.7nt
4,0.9640605984723076,18.758176769403512,0.6nt->0.6t->1.7t->14nt
4,0.9717212801986576,34.38533924058014,0.6nt->0.6t->1.7t->14t
4,0.917687798225607,18.796598788196572,0.6nt->0.6t->1.7t->4nt
4,0.9419118719092291,17.91554215035575,0.6nt->0.6t->1.7t->8nt
4,0.9516015470876086,26.976514099518702,0.6nt->0.6t->1.7t->8t
4,0.9391422420459685,13.561306723036875,0.6nt->0.6t->14nt->0.6t
4,0.9497422124976722,15.347884417386865,0.6nt->0.6t->14nt->1.7t
4,0.9847301051764958,22.31966029695417,0.6nt->0.6t->14nt->14t
4,0.9754590976050825,18.651678861400228,0.6nt->0.6t->14nt->4t
4,0.9725013093689191,18.545858490273346,0.6nt->0.6t->14nt->8t
4,0.8819757515422417,10.871319027557826,0.6nt->0.6t->4nt->0.6t
4,0.9290503959345434,14.572416765941915,0.6nt->0.6t->4nt->1.7t
4,0.9579670712391102,10.89545353524963,0.6nt->0.6t->4nt->14nt
4,0.9898879619351838,24.50873555034937,0.6nt->0.6t->4nt->14t
4,0.968619577382389,16.831122750510033,0.6nt->0.6t->4nt->4t
4,0.9374054651391628,10.01809319680645,0.6nt->0.6t->4nt->8nt
4,0.9665797231815223,19.98848422736704,0.6nt->0.6t->4nt->8t
4,0.892187217346361,13.702377108447068,0.6nt->0.6t->8nt->0.6t
4,0.9353406277260984,15.598501174018963,0.6nt->0.6t->8nt->1.7t
4,0.9470225125815359,13.165809018651327,0.6nt->0.6t->8nt->14nt
4,0.9913693179240526,30.129615549885898,0.6nt->0.6t->8nt->14t
4,0.9739944843275622,19.630891667029378,0.6nt->0.6t->8nt->4t
4,0.9681578881395584,24.287402152599405,0.6nt->0.6t->8nt->8t
4,0.7996825769317578,7.3408560293700775,0.6nt->1.7nt->0.6t->0.6nt
4,0.8860414623998438,8.023338151501171,0.6nt->1.7nt->0.6t->1.7nt
4,0.9300012334237936,11.952221719445042,0.6nt->1.7nt->0.6t->1.7t
4,0.9636958088813182,9.49897517232516,0.6nt->1.7nt->0.6t->14nt
4,0.9829139517861161,30.399990162589937,0.6nt->1.7nt->0.6t->14t
4,0.9249937024789824,7.765101672856974,0.6nt->1.7nt->0.6t->4nt
4,0.9697947444548973,16.586644237970383,0.6nt->1.7nt->0.6t->4t
4,0.9339191296612257,9.037838603317663,0.6nt->1.7nt->0.6t->8nt
4,0.9725002418780471,19.913744583359467,0.6nt->1.7nt->0.6t->8t
4,0.8658400718192927,11.591918267333645,0.6nt->1.7nt->1.7t->0.6nt
4,0.8985612712748198,11.769757149181054,0.6nt->1.7nt->1.7t->1.7nt
4,0.9628916174192773,12.97085359735048,0.6nt->1.7nt->1.7t->14nt
4,0.9708014739067734,29.10631214650583,0.6nt->1.7nt->1.7t->14t
4,0.9150104747250106,13.010525347916442,0.6nt->1.7nt->1.7t->4nt
4,0.9400224714668822,12.100811067697,0.6nt->1.7nt->1.7t->8nt
4,0.9500273173551806,21.456504244269567,0.6nt->1.7nt->1.7t->8t
4,0.9295730204460444,8.08377738806413,0.6nt->1.7nt->14nt->0.6t
4,0.9418397211489942,10.151275024874536,0.6nt->1.7nt->14nt->1.7t
4,0.9823290800272614,18.21928695682776,0.6nt->1.7nt->14nt->14t
4,0.9716003071866701,13.97455527017624,0.6nt->1.7nt->14nt->4t
4,0.9681774388682126,13.852095794765162,0.6nt->1.7nt->14nt->8t
4,0.8876122000282303,7.529898058616665,0.6nt->1.7nt->4nt->0.6t
4,0.9324387148066551,11.054243587038773,0.6nt->1.7nt->4nt->1.7t
4,0.959974425158087,7.552879981893678,0.6nt->1.7nt->4nt->14nt
4,0.9903708794914102,20.516036587969474,0.6nt->1.7nt->4nt->14t
4,0.9701182027738993,13.20508123019933,0.6nt->1.7nt->4nt->4t
4,0.9403947734877247,6.717419476882224,0.6nt->1.7nt->4nt->8nt
4,0.9681757652757217,16.211657545968706,0.6nt->1.7nt->4nt->8t
4,0.9110179370935909,6.782211354647298,0.6nt->1.7nt->8nt->0.6t
4,0.9466341171283084,8.347155944038986,0.6nt->1.7nt->8nt->1.7t
4,0.9562756288997967,6.339360939839228,0.6nt->1.7nt->8nt->14nt
4,0.9928767639930565,20.340247131078982,0.6nt->1.7nt->8nt->14t
4,0.9785366412541958,11.67524390986933,0.6nt->1.7nt->8nt->4t
4,0.9737194724883292,15.518442264951954,0.6nt->1.7nt->8nt->8t
4,0.8940528234127051,14.511398562388488,0.6nt->1.7t->0.6nt->0.6t
4,0.9240860653014222,13.415590559917769,0.6nt->1.7t->0.6nt->1.7nt
4,0.9613032025723475,15.59939053060478,0.6nt->1.7t->0.6nt->1.7t
4,0.977248868444119,14.495766493879632,0.6nt->1.7t->0.6nt->14nt
4,0.9875882717848148,28.176952852829316,0.6nt->1.7t->0.6nt->14t
4,0.9455632601209267,13.720415895840436,0.6nt->1.7t->0.6nt->4nt
4,0.9842633447561395,19.179134219132518,0.6nt->1.7t->0.6nt->4t
4,0.9652730786730876,13.596922554620484,0.6nt->1.7t->0.6nt->8nt
4,0.9848714071689626,22.46812143339556,0.6nt->1.7t->0.6nt->8t
4,0.9128487698963177,14.387794497398657,0.6nt->1.7t->1.7nt->0.6t
4,0.9482920500382069,16.017697262698675,0.6nt->1.7t->1.7nt->1.7t
4,0.9699430003046111,14.345244461466242,0.6nt->1.7t->1.7nt->14nt
4,0.9911168352909006,25.805387472596742,0.6nt->1.7t->1.7nt->14t
4,0.9489011175391355,13.990660828696114,0.6nt->1.7t->1.7nt->4nt
4,0.9799766904309718,18.820089907025242,0.6nt->1.7t->1.7nt->4t
4,0.9609812172586187,13.646714704909092,0.6nt->1.7t->1.7nt->8nt
4,0.982653602004413,20.818759650406193,0.6nt->1.7t->1.7nt->8t
4,0.9617057959459109,15.055299038160546,0.6nt->1.7t->14nt->0.6t
4,0.9683757332733994,16.179487195693394,0.6nt->1.7t->14nt->1.7t
4,0.990391554209121,20.566415290435035,0.6nt->1.7t->14nt->14t
4,0.9845578549789444,18.258370527007983,0.6nt->1.7t->14nt->4t
4,0.9826966929829671,18.19178399767719,0.6nt->1.7t->14nt->8t
4,0.9176732906436368,15.574065677858506,0.6nt->1.7t->4nt->0.6t
4,0.9505097680419762,18.155731748932826,0.6nt->1.7t->4nt->1.7t
4,0.9706803241307399,15.590900477708242,0.6nt->1.7t->4nt->14nt
4,0.9929464425349799,25.086717875303812,0.6nt->1.7t->4nt->14t
4,0.9781108800430571,19.731270958399357,0.6nt->1.7t->4nt->4t
4,0.9563377683304694,14.97890598905311,0.6nt->1.7t->4nt->8nt
4,0.9766879988460274,21.933658891682548,0.6nt->1.7t->4nt->8t
4,0.9397600080794688,14.546380836841431,0.6nt->1.7t->8nt->0.6t
4,0.9638718158691827,15.605833116793509,0.6nt->1.7t->8nt->1.7t
4,0.970399025648833,14.246575409335202,0.6nt->1.7t->8nt->14nt
4,0.9951776384420572,23.72503930972441,0.6nt->1.7t->8nt->14t
4,0.9854695146953985,17.858916329567585,0.6nt->1.7t->8nt->4t
4,0.9822083382508733,20.460724270373383,0.6nt->1.7t->8nt->8t
4,0.9278906596699533,9.49007785424728,0.6nt->14nt->0.6t->0.6nt
4,0.9589777322139141,9.73575461496099,0.6nt->14nt->0.6t->1.7nt
4,0.9748021674579569,11.150055967177753,0.6nt->14nt->0.6t->1.7t
4,0.9869313850353783,10.266947611098741,0.6nt->14nt->0.6t->14nt
4,0.9938494433151188,17.79079840795611,0.6nt->14nt->0.6t->14t
4,0.9729995796072255,9.642795840636884,0.6nt->14nt->0.6t->4nt
4,0.9891268516812147,12.81833397067288,0.6nt->14nt->0.6t->4t
4,0.9762125136417062,10.100949799805694,0.6nt->14nt->0.6t->8nt
4,0.9901007641420471,14.016008179152216,0.6nt->14nt->0.6t->8t
4,0.9327798877039973,11.918185146306856,0.6nt->14nt->1.7t->0.6nt
4,0.9491746691539231,12.007290364015951,0.6nt->14nt->1.7t->1.7nt
4,0.9814070439808277,12.609093295928144,0.6nt->14nt->1.7t->14nt
4,0.9853702351404009,20.69367824114947,0.6nt->14nt->1.7t->14t
4,0.9574164542986816,12.628970613724789,0.6nt->14nt->1.7t->4nt
4,0.9699485810859829,12.17316315390519,0.6nt->14nt->1.7t->8nt
4,0.9749614554459763,16.860783030155183,0.6nt->14nt->1.7t->8t
4,0.8380447761463528,7.4899725811684625,0.6nt->4nt->0.6t->0.6nt
4,0.9078653260191946,8.041754563848016,0.6nt->4nt->0.6t->1.7nt
4,0.9434064908749019,11.218229220895179,0.6nt->4nt->0.6t->1.7t
4,0.9706483175083145,9.234796688560566,0.6nt->4nt->0.6t->14nt
4,0.9861860505148817,26.133119908121905,0.6nt->4nt->0.6t->14t
4,0.9393579374205941,7.832972192023321,0.6nt->4nt->0.6t->4nt
4,0.9755792639080767,14.965127143820528,0.6nt->4nt->0.6t->4t
4,0.9465740823527161,8.861971024587895,0.6nt->4nt->0.6t->8nt
4,0.9777666394947344,17.655064309383356,0.6nt->4nt->0.6t->8t
4,0.8901009376201964,13.287335598142977,0.6nt->4nt->1.7t->0.6nt
4,0.9169049855119132,13.433014912635288,0.6nt->4nt->1.7t->1.7nt
4,0.9696021270482544,14.41691059051412,0.6nt->4nt->1.7t->14nt
4,0.9760816013840169,27.63450685541256,0.6nt->4nt->1.7t->14t
4,0.9303795904896055,14.44940828374702,0.6nt->4nt->1.7t->4nt
4,0.9508685325116667,13.70420255961328,0.6nt->4nt->1.7t->8nt
4,0.9590641479781375,21.368055112020272,0.6nt->4nt->1.7t->8t
4,0.9412021289473526,8.246459231724595,0.6nt->4nt->14nt->0.6t
4,0.9514433162131062,9.972565621928347,0.6nt->4nt->14nt->1.7t
4,0.9852469539298825,16.70836386616191,0.6nt->4nt->14nt->14t
4,0.9762897473873111,13.164534669658977,0.6nt->4nt->14nt->4t
4,0.9734320730799149,13.062296060393063,0.6nt->4nt->14nt->8t
4,0.9147795773945898,7.508444440203461,0.6nt->4nt->8nt->0.6t
4,0.9488901140017422,9.00723234088725,0.6nt->4nt->8nt->1.7t
4,0.9581240391421998,7.084315146408379,0.6nt->4nt->8nt->14nt
4,0.9931778926785695,20.493325896391376,0.6nt->4nt->8nt->14t
4,0.9794439863147159,12.194628245771508,0.6nt->4nt->8nt->4t
4,0.9748304592219521,15.875358690524639,0.6nt->4nt->8nt->8t
4,0.8928751760343109,6.782036022512583,0.6nt->8nt->0.6t->0.6nt
4,0.9390577809317902,7.147010651644652,0.6nt->8nt->0.6t->1.7nt
4,0.9625663837302014,9.248080813945482,0.6nt->8nt->0.6t->1.7t
4,0.9805854127752002,7.936144984903179,0.6nt->8nt->0.6t->14nt
4,0.9908628022508155,19.113493002072794,0.6nt->8nt->0.6t->14t
4,0.9598884795182303,7.00891214332441,0.6nt->8nt->0.6t->4nt
4,0.9838469733009422,11.726455829335546,0.6nt->8nt->0.6t->4t
4,0.9646615781387665,7.68954050575989,0.6nt->8nt->0.6t->8nt
4,0.9852938066854542,13.505707146354382,0.6nt->8nt->0.6t->8t
4,0.9274776874923254,8.918494898454252,0.6nt->8nt->1.7t->0.6nt
4,0.9451656594875351,9.014628573689835,0.6nt->8nt->1.7t->1.7nt
4,0.9799404654231134,9.663900626434772,0.6nt->8nt->1.7t->14nt
4,0.9842162658939095,18.38618292954017,0.6nt->8nt->1.7t->14t
4,0.9540575416560334,9.685345830910403,0.6nt->8nt->1.7t->4nt
4,0.9675781798134396,9.19358510758992,0.6nt->8nt->1.7t->8nt
4,0.9729864605865554,14.250955914791092,0.6nt->8nt->1.7t->8t
4,0.9463389142602078,6.855828618678098,0.6nt->8nt->14nt->0.6t
4,0.9556853959968136,8.431136386501715,0.6nt->8nt->14nt->1.7t
4,0.9865358310442426,14.578472006631873,0.6nt->8nt->14nt->14t
4,0.9783611570353898,11.344243981769388,0.6nt->8nt->14nt->4t
4,0.9757531390360938,11.250937290905988,0.6nt->8nt->14nt->8t
4,0.7525500684278636,11.879447964010652,0.6t->0.6nt->0.6t->0.6nt
4,0.8592282593331246,12.722510698314165,0.6t->0.6nt->0.6t->1.7nt
4,0.9135312858257199,17.57581779038574,0.6t->0.6nt->0.6t->1.7t
4,0.9551538280070668,14.545349042754193,0.6t->0.6nt->0.6t->14nt
4,0.978893790681785,40.36414528079928,0.6t->0.6nt->0.6t->14t
4,0.9073455373737903,12.40351398803716,0.6t->0.6nt->0.6t->4nt
4,0.9626877767132206,23.300669465892703,0.6t->0.6nt->0.6t->4t
4,0.9183710203880451,13.975712060116685,0.6t->0.6nt->0.6t->8nt
4,0.9660298482213935,27.410600295622327,0.6t->0.6nt->0.6t->8t
4,0.849520830038657,10.954170770359983,0.6t->0.6nt->1.7nt->0.6t
4,0.9107187657432213,13.768433001062348,0.6t->0.6nt->1.7nt->1.7t
4,0.9481022544339353,10.880701995664346,0.6t->0.6nt->1.7nt->14nt
4,0.9846619347717191,30.668291980356244,0.6t->0.6nt->1.7nt->14t
4,0.9117704086389227,10.268462206534027,0.6t->0.6nt->1.7nt->4nt
4,0.965426867753424,18.607168134488965,0.6t->0.6nt->1.7nt->4t
4,0.9326284433066545,9.674589611077618,0.6t->0.6nt->1.7nt->8nt
4,0.9700489417178662,22.058159745886865,0.6t->0.6nt->1.7nt->8t
4,0.8979781326363179,14.683447548996371,0.6t->0.6nt->1.7t->0.6nt
4,0.9228609565622212,14.818685060390262,0.6t->0.6nt->1.7t->1.7nt
4,0.9717809443022967,15.732058406573616,0.6t->0.6nt->1.7t->14nt
4,0.9777959917190344,28.00226184419624,0.6t->0.6nt->1.7t->14t
4,0.9353697471928568,15.762226774499947,0.6t->0.6nt->1.7t->4nt
4,0.9543901107895261,15.070434889292736,0.6t->0.6nt->1.7t->8nt
4,0.9619982921149901,22.18496827716057,0.6t->0.6nt->1.7t->8t
4,0.9458312037309464,12.422340067779032,0.6t->0.6nt->14nt->0.6t
4,0.9552661165368048,14.012552497510335,0.6t->0.6nt->14nt->1.7t
4,0.9864084407715272,20.218050694454107,0.6t->0.6nt->14nt->14t
4,0.978156422668526,16.953222252182684,0.6t->0.6nt->14nt->4t
4,0.9755237290932425,16.85903274672937,0.6t->0.6nt->14nt->8t
4,0.8783386523093505,11.071087017423702,0.6t->0.6nt->4nt->0.6t
4,0.9268639744669857,14.886239790438662,0.6t->0.6nt->4nt->1.7t
4,0.9566717617162782,11.095965267190198,0.6t->0.6nt->4nt->14nt
4,0.9895763438874596,25.128761561950633,0.6t->0.6nt->4nt->14t
4,0.9676525412646274,17.214551283291293,0.6t->0.6nt->4nt->4t
4,0.9354765180143096,10.191567716855236,0.6t->0.6nt->4nt->8nt
4,0.9655498258107036,20.469211723331668,0.6t->0.6nt->4nt->8t
4,0.9195274462615253,10.637064351015677,0.6t->0.6nt->8nt->0.6t
4,0.9517375891620958,12.052350572240014,0.6t->0.6nt->8nt->1.7t
4,0.9604570664231175,10.236564490260243,0.6t->0.6nt->8nt->14nt
4,0.9935579714198858,22.898521626451313,0.6t->0.6nt->8nt->14t
4,0.9805892195161112,15.062167707614194,0.6t->0.6nt->8nt->4t
4,0.9762327249629761,18.5378343313729,0.6t->0.6nt->8nt->8t
4,0.8468494242306727,11.494436792258973,0.6t->1.7nt->0.6t->0.6nt
4,0.9128742004565984,12.016221309829579,0.6t->1.7nt->0.6t->1.7nt
4,0.9464831803440451,15.020007856925227,0.6t->1.7nt->0.6t->1.7t
4,0.9722440130893074,13.14440405052278,0.6t->1.7nt->0.6t->14nt
4,0.9869370418134455,29.124054901122577,0.6t->1.7nt->0.6t->14t
4,0.9426547253068649,11.818789330208268,0.6t->1.7nt->0.6t->4nt
4,0.9769068900391346,18.56320677691481,0.6t->1.7nt->0.6t->4t
4,0.9494785666433326,12.791846944056156,0.6t->1.7nt->0.6t->8nt
4,0.9789753495957287,21.106906300071515,0.6t->1.7nt->0.6t->8t
4,0.8974294400789726,14.744541647858938,0.6t->1.7nt->1.7t->0.6nt
4,0.9224460884549344,14.88050649171491,0.6t->1.7nt->1.7t->1.7nt
4,0.9716291769779305,15.798792129449856,0.6t->1.7nt->1.7t->14nt
4,0.9776765744372123,28.134987000843598,0.6t->1.7nt->1.7t->14t
4,0.9350221536855924,15.829122748463881,0.6t->1.7nt->1.7t->4nt
4,0.9541448123314817,15.133610277969872,0.6t->1.7nt->1.7t->8nt
4,0.9617939118696397,22.28640694820826,0.6t->1.7nt->1.7t->8t
4,0.9461557946224753,12.062429491508924,0.6t->1.7nt->14nt->0.6t
4,0.955534171433996,13.643113031808703,0.6t->1.7nt->14nt->1.7t
4,0.9864898842709421,19.811426570224683,0.6t->1.7nt->14nt->14t
4,0.9782873140068712,16.56616167094768,0.6t->1.7nt->14nt->4t
4,0.9756703960886741,16.47253656894531,0.6t->1.7nt->14nt->8t
4,0.9140750913650639,11.638966884450973,0.6t->1.7nt->4nt->0.6t
4,0.9483467310601755,14.333468134619423,0.6t->1.7nt->4nt->1.7t
4,0.9693988683627934,11.656537471813024,0.6t->1.7nt->4nt->14nt
4,0.9926381573432064,21.567382307971542,0.6t->1.7nt->4nt->14t
4,0.977154186689789,15.977868398914783,0.6t->1.7nt->4nt->4t
4,0.9544294519198846,11.017794943004393,0.6t->1.7nt->4nt->8nt
4,0.9756691165611637,18.276514651455877,0.6t->1.7nt->4nt->8t
4,0.9319697010947643,11.067330890666401,0.6t->1.7nt->8nt->0.6t
4,0.959199676378356,12.263792792189474,0.6t->1.7nt->8nt->1.7t
4,0.9665709926446757,10.728754270776298,0.6t->1.7nt->8nt->14nt
4,0.9945540049432816,21.43298433037883,0.6t->1.7nt->8nt->14t
4,0.9835904151545335,14.808247390151472,0.6t->1.7nt->8nt->4t
4,0.9799074995160912,17.746524210316643,0.6t->1.7nt->8nt->8t
4,0.9023933753094782,18.611939438110113,0.6t->1.7t->0.6nt->0.6t
4,0.9300622897977875,17.602397476962125,0.6t->1.7t->0.6nt->1.7nt
4,0.9643495569687606,19.614280672003126,0.6t->1.7t->0.6nt->1.7t
4,0.9790399213023874,18.59753798360016,0.6t->1.7t->0.6nt->14nt
4,0.9885653687367294,31.201690970714566,0.6t->1.7t->0.6nt->14t
4,0.9498487207502475,17.883225839906288,0.6t->1.7t->0.6nt->4nt
4,0.985502192207963,22.912213754783288,0.6t->1.7t->0.6nt->4t
4,0.9680069098035814,17.769454349277627,0.6t->1.7t->0.6nt->8nt
4,0.9860623857084281,25.942279783678252,0.6t->1.7t->0.6nt->8t
4,0.9197096356688799,18.498065940294484,0.6t->1.7t->1.7nt->0.6t
4,0.9523626902763329,19.999656757710948,0.6t->1.7t->1.7nt->1.7t
4,0.9723091980070494,18.458865599883325,0.6t->1.7t->1.7nt->14nt
4,0.9918161507295029,29.016823950623014,0.6t->1.7t->1.7nt->14t
4,0.9529238097406667,18.132196096456973,0.6t->1.7t->1.7nt->4nt
4,0.9815529990970931,22.581434733123885,0.6t->1.7t->1.7nt->4t
4,0.9640529195246557,17.81532667813341,0.6t->1.7t->1.7nt->8nt
4,0.9840191743336112,24.422761834103753,0.6t->1.7t->1.7nt->8t
4,0.9647204567093864,19.113022065488465,0.6t->1.7t->14nt->0.6t
4,0.9708653120080745,20.14870999138074,0.6t->1.7t->14nt->1.7t
4,0.9911479664453652,24.19028295142036,0.6t->1.7t->14nt->14t
4,0.9857735175014797,22.06393597126153,0.6t->1.7t->14nt->4t
4,0.9840588730316486,22.00259137872791,0.6t->1.7t->14nt->8t
4,0.924154352376429,19.590949484925087,0.6t->1.7t->4nt->0.6t
4,0.954405821351987,21.96937729576893,0.6t->1.7t->4nt->1.7t
4,0.9729884769863532,19.606458987335653,0.6t->1.7t->4nt->14nt
4,0.9935017245537074,28.354730670566028,0.6t->1.7t->4nt->14t
4,0.9798340721738559,23.420884256663655,0.6t->1.7t->4nt->4t
4,0.959775019995865,19.042642958528024,0.6t->1.7t->4nt->8nt
4,0.9785232054244881,25.449892101434155,0.6t->1.7t->4nt->8t
4,0.9445023220802614,18.644167779094133,0.6t->1.7t->8nt->0.6t
4,0.9667159595678209,19.62021607408193,0.6t->1.7t->8nt->1.7t
4,0.9727293233568377,18.367964138889803,0.6t->1.7t->8nt->14nt
4,0.9955572725024882,27.100248456119026,0.6t->1.7t->8nt->14t
4,0.9866134080078217,21.69592827925387,0.6t->1.7t->8nt->4t
4,0.9836089633824563,24.092912317670475,0.6t->1.7t->8nt->8t
4,0.9413970026381825,12.891746949527578,0.6t->14nt->0.6t->0.6nt
4,0.9666613528865963,13.09140755513107,0.6t->14nt->0.6t->1.7nt
4,0.9795218135788498,14.240805095497121,0.6t->14nt->0.6t->1.7t
4,0.9893791843776554,13.523106161841323,0.6t->14nt->0.6t->14nt
4,0.9950014650594772,19.63771220844828,0.6t->14nt->0.6t->14t
4,0.9780568570201383,13.015860298956776,0.6t->14nt->0.6t->4nt
4,0.9911634320973687,15.596608532196512,0.6t->14nt->0.6t->4t
4,0.9806679967682566,13.38820034724437,0.6t->14nt->0.6t->8nt
4,0.9919549271951128,16.56995398451354,0.6t->14nt->0.6t->8t
4,0.94537046039371,14.865060872238448,0.6t->14nt->1.7t->0.6nt
4,0.9586944393631478,14.93747635703459,0.6t->14nt->1.7t->1.7nt
4,0.9848895725913898,15.426559400503914,0.6t->14nt->1.7t->14nt
4,0.9881104435632473,21.99687204027688,0.6t->14nt->1.7t->14t
4,0.9653925080305947,15.44271362403536,0.6t->14nt->1.7t->4nt
4,0.9755773216718335,15.07228056719356,0.6t->14nt->1.7t->8nt
4,0.9796512663445932,18.88189210966133,0.6t->14nt->1.7t->8t
4,0.8863485124406832,9.953331447550179,0.6t->4nt->0.6t->0.6nt
4,0.9353448286226712,10.340542441106212,0.6t->4nt->0.6t->1.7nt
4,0.9602857114131653,12.569621944550402,0.6t->4nt->0.6t->1.7t
4,0.9794025638804753,11.177755400146284,0.6t->4nt->0.6t->14nt
4,0.9903061113393188,23.036092077799786,0.6t->4nt->0.6t->14t
4,0.957444653794911,10.1940301732742,0.6t->4nt->0.6t->4nt
4,0.9828628375294108,15.198993894035624,0.6t->4nt->0.6t->4t
4,0.9625085571779868,10.91612635044626,0.6t->4nt->0.6t->8nt
4,0.9843978203682432,17.086647487621285,0.6t->4nt->0.6t->8t
4,0.922878733864579,14.021609797101446,0.6t->4nt->1.7t->0.6nt
4,0.9416883766968326,14.123839724637678,0.6t->4nt->1.7t->1.7nt
4,0.9786684035414199,14.814284927536228,0.6t->4nt->1.7t->14nt
4,0.9832153510207262,24.089684891304344,0.6t->4nt->1.7t->14t
4,0.9511441315872878,14.837090065217389,0.6t->4nt->1.7t->4nt
4,0.9655221719117426,14.314144666666664,0.6t->4nt->1.7t->8nt
4,0.9712734151693869,19.69222523913043,0.6t->4nt->1.7t->8t
4,0.9587388084715751,10.484193195067274,0.6t->4nt->14nt->0.6t
4,0.9659255242775329,11.695482057904908,0.6t->4nt->14nt->1.7t
4,0.9896471037364305,16.422303904962845,0.6t->4nt->14nt->14t
4,0.9833614167192632,13.935434693490809,0.6t->4nt->14nt->4t
4,0.9813560541982672,13.863689122384272,0.6t->4nt->14nt->8t
4,0.9401968793035609,9.966294007246375,0.6t->4nt->8nt->0.6t
4,0.9641338239392747,11.018062949275361,0.6t->4nt->8nt->1.7t
4,0.970613697223095,9.668662822463768,0.6t->4nt->8nt->14nt
4,0.9952126110728573,19.078387202898547,0.6t->4nt->8nt->14t
4,0.9855748923805424,13.254806398550723,0.6t->4nt->8nt->4t
4,0.9823373665724114,15.8377455615942,0.6t->4nt->8nt->8t
4,0.896181646681861,13.08349472356923,0.6t->8nt->0.6t->0.6nt
4,0.9409387983382704,13.437204196282352,0.6t->8nt->0.6t->1.7nt
4,0.9637217942956124,15.473423593252488,0.6t->8nt->0.6t->1.7t
4,0.9811846554195911,14.201981434580993,0.6t->8nt->0.6t->14nt
4,0.991144827229155,25.03433403642036,0.6t->8nt->0.6t->14t
4,0.9611265451709129,13.303368179580088,0.6t->8nt->0.6t->4nt
4,0.9843455459629299,17.87530210728416,0.6t->8nt->0.6t->4t
4,0.9657523192974389,13.962988547612667,0.6t->8nt->0.6t->8nt
4,0.9857477219847439,19.59963578676063,0.6t->8nt->0.6t->8t
4,0.9297161312882833,15.154010540736197,0.6t->8nt->1.7t->0.6nt
4,0.9468581536328726,15.247176993589138,0.6t->8nt->1.7t->1.7nt
4,0.9805596147465536,15.876408882857463,0.6t->8nt->1.7t->14nt
4,0.9847034401229869,24.32947281670701,0.6t->8nt->1.7t->14t
4,0.9554755826325981,15.89719216849389,0.6t->8nt->1.7t->4nt
4,0.968578898347375,15.420609928899998,0.6t->8nt->1.7t->8nt
4,0.973820249356053,20.32188201398665,0.6t->8nt->1.7t->8t
4,0.9479951952074802,13.155009667887159,0.6t->8nt->14nt->0.6t
4,0.9570531922924814,14.68169463566926,0.6t->8nt->14nt->1.7t
4,0.9869514105317769,20.63928912917587,0.6t->8nt->14nt->14t
4,0.9790290526403558,17.504887453014007,0.6t->8nt->14nt->4t
4,0.976501532649306,17.41446072799922,0.6t->8nt->14nt->8t
4,0.8549410061269898,8.53127770602706,1.7nt->0.6t->0.6nt->0.6t
4,0.8960614209549626,7.030937522960229,1.7nt->0.6t->0.6nt->1.7nt
4,0.9470177622304274,10.020916461254611,1.7nt->0.6t->0.6nt->1.7t
4,0.9688499839328012,8.509874850348503,1.7nt->0.6t->0.6nt->14nt
4,0.9830063163067254,27.2416541402214,1.7nt->0.6t->0.6nt->14t
4,0.9254672095005873,7.448293208692086,1.7nt->0.6t->0.6nt->4nt
4,0.9784539479943579,14.922170411644116,1.7nt->0.6t->0.6nt->4t
4,0.952453171191037,7.279210648831487,1.7nt->0.6t->0.6nt->8nt
4,0.9792864847797382,19.425331246412462,1.7nt->0.6t->0.6nt->8t
4,0.9102207533822068,8.37278047879359,1.7nt->0.6t->1.7nt->0.6t
4,0.9467328139121219,10.05183242280867,1.7nt->0.6t->1.7nt->1.7t
4,0.9690366414216655,8.328947360603204,1.7nt->0.6t->1.7nt->14nt
4,0.9908489663976525,20.13466719321395,1.7nt->0.6t->1.7nt->14t
4,0.9473602476420612,7.963671375683317,1.7nt->0.6t->1.7nt->4nt
4,0.9793728941546375,12.938730290292177,1.7nt->0.6t->1.7nt->4t
4,0.9598046187724831,7.609353670311027,1.7nt->0.6t->1.7nt->8nt
4,0.9821305271110523,14.99766925862394,1.7nt->0.6t->1.7nt->8t
4,0.926652918781726,11.301855982233501,1.7nt->0.6t->1.7t->0.6nt
4,0.9445420493631854,11.399082949238577,1.7nt->0.6t->1.7t->1.7nt
4,0.9797123359565242,12.055738926395938,1.7nt->0.6t->1.7t->14nt
4,0.9840367634817969,20.877216432741115,1.7nt->0.6t->1.7t->14t
4,0.9535350555297656,12.077428019035532,1.7nt->0.6t->1.7t->4nt
4,0.9672094587687582,11.580074687817257,1.7nt->0.6t->1.7t->8nt
4,0.9726792458646256,16.694961052030454,1.7nt->0.6t->1.7t->8t
4,0.9656460125842881,9.122124311332007,1.7nt->0.6t->14nt->0.6t
4,0.9716296581168725,10.130641050894631,1.7nt->0.6t->14nt->1.7t
4,0.9913801988071571,14.066183681510934,1.7nt->0.6t->14nt->14t
4,0.986146748082931,11.995621236978131,1.7nt->0.6t->14nt->4t
4,0.9844770871677153,11.935886014711729,1.7nt->0.6t->14nt->8t
4,0.9333757324854245,7.60363584666149,1.7nt->0.6t->4nt->0.6t
4,0.9599492014303992,9.692892326086955,1.7nt->0.6t->4nt->1.7t
4,0.9762725615559509,7.617259690217391,1.7nt->0.6t->4nt->14nt
4,0.9942917905604033,15.30190885830745,1.7nt->0.6t->4nt->14t
4,0.9822858632991472,10.96792380240683,1.7nt->0.6t->4nt->4t
4,0.9646656082117615,7.121992906832297,1.7nt->0.6t->4nt->8nt
4,0.981134372874551,12.750243100543475,1.7nt->0.6t->4nt->8t
4,0.9391400685294118,9.201758041,1.7nt->0.6t->8nt->0.6t
4,0.9635000148529412,10.272113316599999,1.7nt->0.6t->8nt->1.7t
4,0.9700943972095609,8.8988672671,1.7nt->0.6t->8nt->14nt
4,0.9951280107352941,18.474875580399996,1.7nt->0.6t->8nt->14t
4,0.9853199791089109,12.548383374999998,1.7nt->0.6t->8nt->4t
4,0.9820252413674264,15.176966944299998,1.7nt->0.6t->8nt->8t
4,0.9028486693674224,12.343835308742872,1.7nt->1.7t->0.6nt->0.6t
4,0.9303885199484792,11.339002438372415,1.7nt->1.7t->0.6nt->1.7nt
4,0.9645158513665708,13.341501040237649,1.7nt->1.7t->0.6nt->1.7t
4,0.9791376912981773,12.32950103099151,1.7nt->1.7t->0.6nt->14nt
4,0.9886187065064296,24.874860918983302,1.7nt->1.7t->0.6nt->14t
4,0.9500826554807345,11.618520854523968,1.7nt->1.7t->0.6nt->4nt
4,0.9855698184142974,16.624050645299484,1.7nt->1.7t->0.6nt->4t
4,0.9681561441809394,11.50528006028821,1.7nt->1.7t->0.6nt->8nt
4,0.9861273988465116,19.639982684185995,1.7nt->1.7t->0.6nt->8t
4,0.9200841566187237,12.230492983140985,1.7nt->1.7t->1.7nt->0.6t
4,0.9525848983910219,13.725079507777107,1.7nt->1.7t->1.7nt->1.7t
4,0.9724383640103517,12.191475495913355,1.7nt->1.7t->1.7nt->14nt
4,0.9918543249615879,22.700185389221428,1.7nt->1.7t->1.7nt->14t
4,0.9531434004678707,11.866329769016449,1.7nt->1.7t->1.7nt->4nt
4,0.9816390466366388,16.294814569352337,1.7nt->1.7t->1.7nt->4t
4,0.9642205976120064,11.550938413926447,1.7nt->1.7t->1.7nt->8nt
4,0.9840937181977188,18.127552649961242,1.7nt->1.7t->1.7nt->8t
4,0.9648850210151203,12.842580595356617,1.7nt->1.7t->14nt->0.6t
4,0.9710012131353274,13.873437470487342,1.7nt->1.7t->14nt->1.7t
4,0.9911892574775152,17.89615818397824,1.7nt->1.7t->14nt->14t
4,0.9858398780888638,15.77972972265216,1.7nt->1.7t->14nt->4t
4,0.9841332317179433,15.718671276971339,1.7nt->1.7t->14nt->8t
4,0.9245081405828487,13.318278683383737,1.7nt->1.7t->4nt->0.6t
4,0.9546184991152137,15.685612123809992,1.7nt->1.7t->4nt->1.7t
4,0.9731144744374803,13.333715840455945,1.7nt->1.7t->4nt->14nt
4,0.9935320362892783,22.04118049724435,1.7nt->1.7t->4nt->14t
4,0.9799281377881652,17.130348412156053,1.7nt->1.7t->4nt->4t
4,0.9599626526943101,12.772529777478029,1.7nt->1.7t->4nt->8nt
4,0.9786233856836142,19.149891784426092,1.7nt->1.7t->4nt->8t
4,0.9447611955231929,12.375913318003054,1.7nt->1.7t->8nt->0.6t
4,0.9668712156877942,13.34740875614959,1.7nt->1.7t->8nt->1.7t
4,0.9728565296511965,12.100998052195095,1.7nt->1.7t->8nt->14nt
4,0.9955779959670797,20.792549917354386,1.7nt->1.7t->8nt->14t
4,0.9866758508574693,15.41343863252455,1.7nt->1.7t->8nt->4t
4,0.9836854207089869,17.79924174348732,1.7nt->1.7t->8nt->8t
4,0.9346250728926477,7.167443421422236,1.7nt->14nt->0.6t->0.6nt
4,0.9628088711667748,7.390176014039463,1.7nt->14nt->0.6t->1.7nt
4,0.9771554356459293,8.672393371538632,1.7nt->14nt->0.6t->1.7t
4,0.9881518850845706,7.871759998076709,1.7nt->14nt->0.6t->14nt
4,0.994423854203861,14.69294564697927,1.7nt->14nt->0.6t->14t
4,0.9755211945225633,7.305898816832944,1.7nt->14nt->0.6t->4nt
4,0.9901423133880505,10.184868071405608,1.7nt->14nt->0.6t->4t
4,0.978434067214832,7.72126500306507,1.7nt->14nt->0.6t->8nt
4,0.9910252705173825,11.270689460414587,1.7nt->14nt->0.6t->8t
4,0.9390576876534246,9.368785667803632,1.7nt->14nt->1.7t->0.6nt
4,0.9539213327418995,9.44956919856337,1.7nt->14nt->1.7t->1.7nt
4,0.9831434715821812,9.995168737079148,1.7nt->14nt->1.7t->14nt
4,0.9867365336180246,17.32472062408779,1.7nt->14nt->1.7t->14t
4,0.9613934036360017,10.01318967855632,1.7nt->14nt->1.7t->4nt
4,0.9727551339121354,9.5999508481315,1.7nt->14nt->1.7t->8nt
4,0.9772998474594083,13.849785977868855,1.7nt->14nt->1.7t->8t
4,0.8956742958814359,6.606139075626457,1.7nt->4nt->0.6t->0.6nt
4,0.9406501716457885,6.9615770941926325,1.7nt->4nt->0.6t->1.7nt
4,0.9635445060212964,9.007747309181699,1.7nt->4nt->0.6t->1.7t
4,0.9810927065509368,7.73009172893031,1.7nt->4nt->0.6t->14nt
4,0.9911015528094632,18.615381047519442,1.7nt->4nt->0.6t->14t
4,0.9609365741514113,6.827087033113539,1.7nt->4nt->0.6t->4nt
4,0.9842690440773568,11.421363583904716,1.7nt->4nt->0.6t->4t
4,0.9655849540131534,7.489930905574786,1.7nt->4nt->0.6t->8nt
4,0.9856780724051868,13.154123924414822,1.7nt->4nt->0.6t->8t
4,0.9292069944276465,10.34059088511756,1.7nt->4nt->1.7t->0.6nt
4,0.9464731937078749,10.434432236438552,1.7nt->4nt->1.7t->1.7nt
4,0.9804187884531389,11.068222286129558,1.7nt->4nt->1.7t->14nt
4,0.9845926317310034,19.582520277138013,1.7nt->4nt->1.7t->14t
4,0.9551530474265025,11.089156126039626,1.7nt->4nt->1.7t->4nt
4,0.9683512836564594,10.60912152120532,1.7nt->4nt->1.7t->8nt
4,0.9736306030503012,15.545898457238117,1.7nt->4nt->1.7t->8t
4,0.9621245357063434,7.093440445706872,1.7nt->4nt->14nt->0.6t
4,0.9687215385512489,8.205335821828164,1.7nt->4nt->14nt->1.7t
4,0.990496620716912,12.544293701107645,1.7nt->4nt->14nt->14t
4,0.9847267118664657,10.261486963517081,1.7nt->4nt->14nt->4t
4,0.9828859013191625,10.195628545085281,1.7nt->4nt->14nt->8t
4,0.945104082585041,6.6180379798689435,1.7nt->4nt->8nt->0.6t
4,0.9670768579282989,7.5835029975612365,1.7nt->4nt->8nt->1.7t
4,0.9730250189022658,6.344829211669739,1.7nt->4nt->8nt->14nt
4,0.9956054449313484,14.982429498583043,1.7nt->4nt->8nt->14t
4,0.9867585586277474,9.636708285846165,1.7nt->4nt->8nt->4t
4,0.9837866911512306,12.007701861616882,1.7nt->4nt->8nt->8t
4,0.9174010313489073,5.790270136021667,1.7nt->8nt->0.6t->0.6nt
4,0.953010289716272,6.071685095077092,1.7nt->8nt->0.6t->1.7nt
4,0.9711366797880905,7.691722562071835,1.7nt->8nt->0.6t->1.7t
4,0.9850303148963049,6.680149871413146,1.7nt->8nt->0.6t->14nt
4,0.9929547318492169,15.298482992485532,1.7nt->8nt->0.6t->14t
4,0.9690718724178952,5.965203759218283,1.7nt->8nt->0.6t->4nt
4,0.9875451525001986,9.602682250252254,1.7nt->8nt->0.6t->4t
4,0.9727521867347011,6.490004628808129,1.7nt->8nt->0.6t->8nt
4,0.9886607384208712,10.97458017564745,1.7nt->8nt->0.6t->8t
4,0.9440814183345143,7.437594193933547,1.7nt->8nt->1.7t->0.6nt
4,0.9577197907513659,7.511718399072419,1.7nt->8nt->1.7t->1.7nt
4,0.9845330259940269,8.01234187685649,1.7nt->8nt->1.7t->14nt
4,0.9878298968403094,14.737688027725657,1.7nt->8nt->1.7t->14t
4,0.9645759074691889,8.028877276464392,1.7nt->8nt->1.7t->4nt
4,0.9750010426149331,7.649703457869395,1.7nt->8nt->1.7t->8nt
4,0.9791711163429233,11.549206834367423,1.7nt->8nt->1.7t->8t
4,0.9586244329304631,5.847168174326126,1.7nt->8nt->14nt->0.6t
4,0.9658310702287161,7.0618147157473885,1.7nt->8nt->14nt->1.7t
4,0.9896184056288782,11.801739257770517,1.7nt->8nt->14nt->14t
4,0.9833152947606969,9.307976473883325,1.7nt->8nt->14nt->4t
4,0.9813043733982093,9.23603202489145,1.7nt->8nt->14nt->8t
4,0.9107804500200558,17.051660344620757,1.7t->0.6nt->0.6t->0.6nt
4,0.9492439085660823,17.355631646134306,1.7t->0.6nt->0.6t->1.7nt
4,0.9688231889297382,19.10552048998257,1.7t->0.6nt->0.6t->1.7t
4,0.9838304449788613,18.012866892650088,1.7t->0.6nt->0.6t->14nt
4,0.9923900302368656,27.3219880015025,1.7t->0.6nt->0.6t->14t
4,0.9665928803995886,17.240615477994044,1.7t->0.6nt->0.6t->4nt
4,0.9865468551587487,21.169649936071192,1.7t->0.6nt->0.6t->4t
4,0.9705681841169652,17.807480878113907,1.7t->0.6nt->0.6t->8nt
4,0.9877518589915062,22.65151003094974,1.7t->0.6nt->0.6t->8t
4,0.9457438369854925,16.71804612901063,1.7t->0.6nt->1.7nt->0.6t
4,0.9678091180246634,17.732745176020156,1.7t->0.6nt->1.7nt->1.7t
4,0.9812879580327218,16.691556523722493,1.7t->0.6nt->1.7nt->14nt
4,0.9944697690214099,23.826090214661114,1.7t->0.6nt->1.7nt->14t
4,0.9681882941484875,16.470809812988005,1.7t->0.6nt->1.7nt->4nt
4,0.9875344507842898,19.47738001319172,1.7t->0.6nt->1.7nt->4t
4,0.9757087830599125,16.256685503575554,1.7t->0.6nt->1.7nt->8nt
4,0.9892009671436258,20.72165563936511,1.7t->0.6nt->1.7nt->8t
4,0.9632154067027988,18.062659133454318,1.7t->0.6nt->1.7t->0.6nt
4,0.9721870574072247,18.111419825487296,1.7t->0.6nt->1.7t->1.7nt
4,0.9898254510146263,18.440742037833104,1.7t->0.6nt->1.7t->14nt
4,0.9919942122675383,22.86483713420987,1.7t->0.6nt->1.7t->14t
4,0.9766971765402879,18.451619422978922,1.7t->0.6nt->1.7t->4nt
4,0.9835550821770693,18.202189729117915,1.7t->0.6nt->1.7t->8nt
4,0.9862982573709805,20.76737721229899,1.7t->0.6nt->1.7t->8t
4,0.980469117144729,17.2474033334272,1.7t->0.6nt->14nt->0.6t
4,0.9838709312785644,17.820763917735064,1.7t->0.6nt->14nt->1.7t
4,0.9950994821854029,20.058193336345667,1.7t->0.6nt->14nt->14t
4,0.992124167797969,18.881039952101297,1.7t->0.6nt->14nt->4t
4,0.9911749344135442,18.847079363646138,1.7t->0.6nt->14nt->8t
4,0.956134274833093,16.76020097982063,1.7t->0.6nt->4nt->0.6t
4,0.9736303694087907,18.135777086673997,1.7t->0.6nt->4nt->1.7t
4,0.9843777450390181,16.769170981284578,1.7t->0.6nt->4nt->14nt
4,0.9962416885646402,21.828779454095063,1.7t->0.6nt->4nt->14t
4,0.9883369306549054,18.975263694270357,1.7t->0.6nt->4nt->4t
4,0.9767356733973308,16.443085045712895,1.7t->0.6nt->4nt->8nt
4,0.9875787840458397,20.14875094461247,1.7t->0.6nt->4nt->8t
4,0.9709851403689294,16.603711516550238,1.7t->0.6nt->8nt->0.6t
4,0.9825986996700796,17.114001412159446,1.7t->0.6nt->8nt->1.7t
4,0.9857425592474339,16.45930890097217,1.7t->0.6nt->8nt->14nt
4,0.99767728813977,21.024653131940298,1.7t->0.6nt->8nt->14t
4,0.9930013272239392,18.1992089474128,1.7t->0.6nt->8nt->4t
4,0.9914305671067254,19.452381296590293,1.7t->0.6nt->8nt->8t
4,0.926608770705254,16.919464113080355,1.7t->1.7nt->0.6t->0.6nt
4,0.9582484786644956,17.16950827373145,1.7t->1.7nt->0.6t->1.7nt
4,0.9743542251619639,18.608951685047185,1.7t->1.7nt->0.6t->1.7t
4,0.9866990640457483,17.710144296760834,1.7t->1.7nt->0.6t->14nt
4,0.9937401047647312,25.367746716700484,1.7t->1.7nt->0.6t->14t
4,0.9725195926764713,17.074896969701307,1.7t->1.7nt->0.6t->4nt
4,0.9889335595393427,20.30688669487385,1.7t->1.7nt->0.6t->4t
4,0.9757896430937154,17.54119553956415,1.7t->1.7nt->0.6t->8nt
4,0.9899247852584908,21.525851978047918,1.7t->1.7nt->0.6t->8t
4,0.9508472009051223,18.47694562753821,1.7t->1.7nt->1.7t->0.6nt
4,0.9628354194797073,18.542101288764634,1.7t->1.7nt->1.7t->1.7nt
4,0.9864044286661418,18.982152600740015,1.7t->1.7nt->1.7t->14nt
4,0.9893023997076552,24.893775863552797,1.7t->1.7nt->1.7t->14t
4,0.9688619909263538,18.996687325167446,1.7t->1.7nt->1.7t->4nt
4,0.9780257529191226,18.663391058124592,1.7t->1.7nt->1.7t->8nt
4,0.9816912750060185,22.0910800360285,1.7t->1.7nt->1.7t->8t
4,0.9741973387745713,17.191651678938296,1.7t->1.7nt->14nt->0.6t
4,0.9786915471673855,17.94913043842596,1.7t->1.7nt->14nt->1.7t
4,0.9935258225684815,20.905045628334367,1.7t->1.7nt->14nt->14t
4,0.9895950719850596,19.349883467509308,1.7t->1.7nt->14nt->4t
4,0.988341019742584,19.305017417908882,1.7t->1.7nt->14nt->8t
4,0.9588239571410109,16.98872432371143,1.7t->1.7nt->4nt->0.6t
4,0.9752472565934351,18.279955245258495,1.7t->1.7nt->4nt->1.7t
4,0.9853356433210699,16.99714431821327,1.7t->1.7nt->4nt->14nt
4,0.9964721341742107,21.74651651104596,1.7t->1.7nt->4nt->14t
4,0.9890520664734553,19.06796767187199,1.7t->1.7nt->4nt->4t
4,0.9781621549482623,16.69105275338163,1.7t->1.7nt->4nt->8nt
4,0.9883404065806914,20.169501070230517,1.7t->1.7nt->4nt->8t
4,0.9673992262786896,16.714790856062166,1.7t->1.7nt->8nt->0.6t
4,0.9804480924007364,17.288146909841323,1.7t->1.7nt->8nt->1.7t
4,0.9839804980713517,16.55254168253231,1.7t->1.7nt->8nt->14nt
4,0.9973902267755907,21.682111707206936,1.7t->1.7nt->8nt->14t
4,0.9921363690735375,18.50747403212629,1.7t->1.7nt->8nt->4t
4,0.9903714804680828,19.9155245520602,1.7t->1.7nt->8nt->8t
4,0.9677519329669828,17.534263901058225,1.7t->14nt->0.6t->0.6nt
4,0.9816544037796328,17.644133171969433,1.7t->14nt->0.6t->1.7nt
4,0.9887312602059132,18.276623839647453,1.7t->14nt->0.6t->1.7t
4,0.9941555758313849,17.881688352317983,1.7t->14nt->0.6t->14nt
4,0.9972494053702808,21.246434773973665,1.7t->14nt->0.6t->14t
4,0.987925123669686,17.602561015408433,1.7t->14nt->0.6t->4nt
4,0.9951374119602364,19.02269557792963,1.7t->14nt->0.6t->4t
4,0.9893619820800164,17.807452358459063,1.7t->14nt->0.6t->8nt
4,0.9955729560128856,19.55830827362176,1.7t->14nt->0.6t->8t
4,0.9699384479546378,18.620139411211355,1.7t->14nt->1.7t->0.6nt
4,0.9772703692947721,18.65998821610296,1.7t->14nt->1.7t->1.7nt
4,0.9916850315187481,18.929120913755504,1.7t->14nt->1.7t->14nt
4,0.9934574129272259,22.544633634497792,1.7t->14nt->1.7t->14t
4,0.9809561836234485,18.938010262539017,1.7t->14nt->1.7t->4nt
4,0.9865606845501442,18.73416829905503,1.7t->14nt->1.7t->8nt
4,0.9888024954951516,20.830521965621923,1.7t->14nt->1.7t->8t
4,0.9306715648618311,18.066119046038928,1.7t->4nt->0.6t->0.6nt
4,0.960559760796436,18.302321253577343,1.7t->4nt->0.6t->1.7nt
4,0.9757739248339017,19.662079907784975,1.7t->4nt->0.6t->1.7t
4,0.9874353777087189,18.81302872933608,1.7t->4nt->0.6t->14nt
4,0.9940866402571467,26.04672133520004,1.7t->4nt->0.6t->14t
4,0.974040853995668,18.212947445319564,1.7t->4nt->0.6t->4nt
4,0.9895461759251113,21.266020573839754,1.7t->4nt->0.6t->4t
4,0.9771298808511791,18.653432643161473,1.7t->4nt->0.6t->8nt
4,0.9904825293373325,22.41750633558953,1.7t->4nt->0.6t->8t
4,0.9529553302656734,20.5478056278681,1.7t->4nt->1.7t->0.6nt
4,0.9644293824850727,20.610166808109373,1.7t->4nt->1.7t->1.7nt
4,0.9869875332630346,21.031344625431203,1.7t->4nt->1.7t->14nt
4,0.9897612123425206,26.689422478860557,1.7t->4nt->1.7t->14t
4,0.9701974784746937,21.045255965638873,1.7t->4nt->1.7t->4nt
4,0.9789682130902674,20.726254543635438,1.7t->4nt->1.7t->8nt
4,0.9824765234847382,24.00693232571287,1.7t->4nt->1.7t->8t
4,0.9748303000512072,18.38994951249776,1.7t->4nt->14nt->0.6t
4,0.9792142616808317,19.128846672264334,1.7t->4nt->14nt->1.7t
4,0.9936846396601148,22.01225074264574,1.7t->4nt->14nt->14t
4,0.9898503137394702,20.495238035401908,1.7t->4nt->14nt->4t
4,0.9886270244675825,20.451472588246503,1.7t->4nt->14nt->8t
4,0.9635195555878734,18.074026324671365,1.7t->4nt->8nt->0.6t
4,0.9781213082725172,18.715614890238886,1.7t->4nt->8nt->1.7t
4,0.9820740895718066,17.892468610536493,1.7t->4nt->8nt->14nt
4,0.9970796494630713,23.632485572800537,1.7t->4nt->8nt->14t
4,0.9912005539088549,20.080048620707018,1.7t->4nt->8nt->4t
4,0.989225633889616,21.65566486715021,1.7t->4nt->8nt->8t
4,0.9492710882623955,17.055441902274943,1.7t->8nt->0.6t->0.6nt
4,0.9711408398375043,17.228275472145132,1.7t->8nt->0.6t->1.7nt
4,0.9822733280161264,18.223236293289734,1.7t->8nt->0.6t->1.7t
4,0.9908062310369411,17.601969677269864,1.7t->8nt->0.6t->14nt
4,0.9956730841555839,22.89499775454441,1.7t->8nt->0.6t->14t
4,0.9810052076927329,17.1628789862483,1.7t->8nt->0.6t->4nt
4,0.99235074154265,19.3968696562596,1.7t->8nt->0.6t->4t
4,0.9832655063767579,17.485190238168386,1.7t->8nt->0.6t->8nt
4,0.9930358888347981,20.23943330937677,1.7t->8nt->0.6t->8t
4,0.9656570918484111,18.067161032692177,1.7t->8nt->1.7t->0.6nt
4,0.9740332229536496,18.11268509094033,1.7t->8nt->1.7t->1.7nt
4,0.990500816511267,18.420147576647107,1.7t->8nt->1.7t->14nt
4,0.9925256198823335,22.550580400008588,1.7t->8nt->1.7t->14t
4,0.9782439697162432,18.430302943487078,1.7t->8nt->1.7t->4nt
4,0.9846466617752083,18.197429876294592,1.7t->8nt->1.7t->8nt
4,0.9872077506791158,20.592345525211012,1.7t->8nt->1.7t->8t
4,0.9745888172184084,17.090386352675793,1.7t->8nt->14nt->0.6t
4,0.9790148394000202,17.83637263069369,1.7t->8nt->14nt->1.7t
4,0.9936240489058299,20.74744062175892,1.7t->8nt->14nt->14t
4,0.9897529357415124,19.215873409428326,1.7t->8nt->14nt->4t
4,0.9885179100023919,19.171688068345727,1.7t->8nt->14nt->8t
4,0.9484751865637655,11.731780856309895,14nt->0.6t->0.6nt->0.6t
4,0.9630811178877251,11.198861483581585,14nt->0.6t->0.6nt->1.7nt
4,0.9811807607124223,12.260899092285507,14nt->0.6t->0.6nt->1.7t
4,0.9889355446115723,11.724178582804498,14nt->0.6t->0.6nt->14nt
4,0.9939638600922817,18.37768835472771,14nt->0.6t->0.6nt->14t
4,0.9735260253581648,11.347105816936821,14nt->0.6t->0.6nt->4nt
4,0.9923468632985971,14.001819725021356,14nt->0.6t->0.6nt->4t
4,0.9831114126848896,11.287047856244186,14nt->0.6t->0.6nt->8nt
4,0.9926425795544472,15.601338070556826,14nt->0.6t->0.6nt->8t
4,0.9681104989844537,11.6754827954636,14nt->0.6t->1.7nt->0.6t
4,0.9810795473471033,12.271880411738675,14nt->0.6t->1.7nt->1.7t
4,0.9890018451699412,11.659913314545614,14nt->0.6t->1.7nt->14nt
4,0.9967495617712443,15.853293508456506,14nt->0.6t->1.7nt->14t
4,0.9813024111972899,11.530167640229065,14nt->0.6t->1.7nt->4nt
4,0.9926732720803083,13.297303724420473,14nt->0.6t->1.7nt->4t
4,0.9857226397105773,11.404314336142011,14nt->0.6t->1.7nt->8nt
4,0.9936527806223934,14.02863684198476,14nt->0.6t->1.7nt->8t
4,0.9739471881407619,12.715887563385174,14nt->0.6t->1.7t->0.6nt
4,0.9803013899116156,12.750422487433337,14nt->0.6t->1.7t->1.7nt
4,0.9927938414779562,12.983666051389397,14nt->0.6t->1.7t->14nt
4,0.9943298739259219,16.117046275605496,14nt->0.6t->1.7t->14t
4,0.9834956969489965,12.991369995984757,14nt->0.6t->1.7t->4nt
4,0.9883528316700448,12.814710576815303,14nt->0.6t->1.7t->8nt
4,0.9902956947226951,14.631513235010631,14nt->0.6t->1.7t->8t
4,0.9877974971070398,11.941648995436937,14nt->0.6t->14nt->0.6t
4,0.9899228821762681,12.299873159729533,14nt->0.6t->14nt->1.7t
4,0.9969382550060463,13.69777407161902,14nt->0.6t->14nt->14t
4,0.9950793384025743,12.962312306621378,14nt->0.6t->14nt->4t
4,0.9944862764705884,12.941094413813278,14nt->0.6t->14nt->8t
4,0.9763351250249296,11.402283370746913,14nt->0.6t->4nt->0.6t
4,0.9857739953299453,12.144385238743327,14nt->0.6t->4nt->1.7t
4,0.9915720369588414,11.407122546717737,14nt->0.6t->4nt->14nt
4,0.9979724495629161,14.13670245167271,14nt->0.6t->4nt->14t
4,0.9937079558852144,12.597275178130475,14nt->0.6t->4nt->4t
4,0.9874492584281563,11.23120426730777,14nt->0.6t->4nt->8nt
4,0.9932989476071556,13.230353258078317,14nt->0.6t->4nt->8t
4,0.9783826115772645,11.969934818706655,14nt->0.6t->8nt->0.6t
4,0.9870352408015878,12.350123970811621,14nt->0.6t->8nt->1.7t
4,0.9893775589962767,11.86234831062418,14nt->0.6t->8nt->14nt
4,0.9982694741551353,15.263737143077787,14nt->0.6t->8nt->14t
4,0.9947856708677053,13.158652880037488,14nt->0.6t->8nt->4t
4,0.9936153832287332,14.092323205424556,14nt->0.6t->8nt->8t
4,0.9519687223685348,14.238467092087923,14nt->1.7t->0.6nt->0.6t
4,0.9655843280486102,13.741681239997892,14nt->1.7t->0.6nt->1.7nt
4,0.9824567611845256,14.731709535817826,14nt->1.7t->0.6nt->1.7t
4,0.9896857476396256,14.231380275367666,14nt->1.7t->0.6nt->14nt
4,0.9943731283551606,20.433762268936796,14nt->1.7t->0.6nt->14t
4,0.9753210396850049,13.879874166042907,14nt->1.7t->0.6nt->4nt
4,0.9928657687599091,16.354590564756734,14nt->1.7t->0.6nt->4t
4,0.9842565092032948,13.823888313952875,14nt->1.7t->0.6nt->8nt
4,0.9931414345728956,17.845656802698855,14nt->1.7t->0.6nt->8t
4,0.9604898869052482,14.18243104324605,14nt->1.7t->1.7nt->0.6t
4,0.9765581398167564,14.921349386840738,14nt->1.7t->1.7nt->1.7t
4,0.9863736236902116,14.163140934203694,14nt->1.7t->1.7nt->14nt
4,0.9959728067879446,19.358610302944886,14nt->1.7t->1.7nt->14t
4,0.9768342612876226,14.002390025517395,14nt->1.7t->1.7nt->4nt
4,0.9909224089589747,16.191817401824792,14nt->1.7t->1.7nt->4t
4,0.9823107887622761,13.846461644091685,14nt->1.7t->1.7nt->8nt
4,0.9921359899822773,17.097916690453232,14nt->1.7t->1.7nt->8t
4,0.982639277365901,14.485045015135913,14nt->1.7t->14nt->0.6t
4,0.9856631013306397,14.99469704404086,14nt->1.7t->14nt->1.7t
4,0.9956439997529491,16.983516076836857,14nt->1.7t->14nt->14t
4,0.9929992853172398,15.937161257492779,14nt->1.7t->14nt->4t
4,0.992155525328296,15.906974175780716,14nt->1.7t->14nt->8t
4,0.9626770890838953,14.720228483916175,14nt->1.7t->4nt->0.6t
4,0.977563544892932,15.890629846234072,14nt->1.7t->4nt->1.7t
4,0.9867078903175803,14.72786056031027,14nt->1.7t->4nt->14nt
4,0.9968022613928487,19.03280059224978,14nt->1.7t->4nt->14t
4,0.9900765416160562,16.604902407587264,14nt->1.7t->4nt->4t
4,0.9802056757066987,14.450412136101425,14nt->1.7t->4nt->8nt
4,0.9894314767449331,17.603357578202914,14nt->1.7t->4nt->8t
4,0.9726901285182599,14.254326347525893,14nt->1.7t->8nt->0.6t
4,0.9836212450562267,14.734630289875305,14nt->1.7t->8nt->1.7t
4,0.9865803633185891,14.118409202890076,14nt->1.7t->8nt->14nt
4,0.9978137766924067,18.415482006376276,14nt->1.7t->8nt->14t
4,0.9934125873263816,15.756068225320229,14nt->1.7t->8nt->4t
4,0.9919341291337451,16.93560092806882,14nt->1.7t->8nt->8t
4,0.8913257155130911,7.443514382468866,4nt->0.6t->0.6nt->0.6t
4,0.9221320208646014,6.319499996814959,4nt->0.6t->0.6nt->1.7nt
4,0.9603071369351688,8.559511547112404,4nt->0.6t->0.6nt->1.7t
4,0.9766632483965656,7.427479940448126,4nt->0.6t->0.6nt->14nt
4,0.9872687906702275,21.460823597000193,4nt->0.6t->0.6nt->14t
4,0.9441620442685049,6.632171616219398,4nt->0.6t->0.6nt->4nt
4,0.9838582791544747,12.231398769861972,4nt->0.6t->0.6nt->4t
4,0.9643791986799586,6.505499524255549,4nt->0.6t->0.6nt->8nt
4,0.9844819932520606,15.605045371025769,4nt->0.6t->0.6nt->8t
4,0.9327398106972687,7.324772536114718,4nt->0.6t->1.7nt->0.6t
4,0.9600936613430611,8.582672951389434,4nt->0.6t->1.7nt->1.7t
4,0.9768030871511637,7.2919339465934065,4nt->0.6t->1.7nt->14nt
4,0.9931442925219695,16.13646072433354,4nt->0.6t->1.7nt->14t
4,0.9605637177652351,7.018279033915803,4nt->0.6t->1.7nt->4nt
4,0.9845467288243919,10.745458944584758,4nt->0.6t->1.7nt->4t
4,0.9698867048643464,6.752833768618528,4nt->0.6t->1.7nt->8nt
4,0.9866126730338095,12.287960469044181,4nt->0.6t->1.7nt->8t
4,0.9450503456712435,9.519156876206923,4nt->0.6t->1.7t->0.6nt
4,0.9584523996502949,9.591996696682713,4nt->0.6t->1.7t->1.7nt
4,0.9848010294641527,10.083945638049979,4nt->0.6t->1.7t->14nt
4,0.9880407738921054,16.692758580449635,4nt->0.6t->1.7t->14t
4,0.9651897172370627,10.100194521079194,4nt->0.6t->1.7t->4nt
4,0.9754342112053852,9.727590824029955,4nt->0.6t->1.7t->8nt
4,0.9795320281215807,13.559525687367916,4nt->0.6t->1.7t->8t
4,0.9742629195060934,7.886160717995264,4nt->0.6t->14nt->0.6t
4,0.9787457052990665,8.641714249277756,4nt->0.6t->14nt->1.7t
4,0.993542277510406,11.590116606351668,4nt->0.6t->14nt->14t
4,0.9896215174274382,10.038907087126304,4nt->0.6t->14nt->4t
4,0.9883706525175681,9.994155070273418,4nt->0.6t->14nt->8t
4,0.9500868963150995,6.748550129408403,4nt->0.6t->4nt->0.6t
4,0.9699950222907859,8.313764715206279,4nt->0.6t->4nt->1.7t
4,0.9822240432890939,6.758756745426264,4nt->0.6t->4nt->14nt
4,0.9957235634965684,12.51588856867745,4nt->0.6t->4nt->14t
4,0.9867290467149264,9.268983896642574,4nt->0.6t->4nt->4t
4,0.9735284270017165,6.387716233718137,4nt->0.6t->4nt->8nt
4,0.9858663811562774,10.604249427449815,4nt->0.6t->4nt->8t
4,0.9544053813562328,7.945820159727426,4nt->0.6t->8nt->0.6t
4,0.9726551959052472,8.747701453792162,4nt->0.6t->8nt->1.7t
4,0.9775955292489771,7.718902563979556,4nt->0.6t->8nt->14nt
4,0.9963500370901971,14.892989629546845,4nt->0.6t->8nt->14t
4,0.9890021244185067,10.45302156729131,4nt->0.6t->8nt->4t
4,0.986533795795317,12.422285457662689,4nt->0.6t->8nt->8t
4,0.9262561485469591,12.651340524241393,4nt->1.7t->0.6nt->0.6t
4,0.9471605935716924,11.888610405721703,4nt->1.7t->0.6nt->1.7nt
4,0.9730653428139073,13.408630342343683,4nt->1.7t->0.6nt->1.7t
4,0.9841642210780096,12.64045992340659,4nt->1.7t->0.6nt->14nt
4,0.9913608963328817,22.16316177402618,4nt->1.7t->0.6nt->14t
4,0.9621096570145731,12.10078212200036,4nt->1.7t->0.6nt->4nt
4,0.9890466022403648,15.900287933513571,4nt->1.7t->0.6nt->4t
4,0.9758285495636289,12.014825375405417,4nt->1.7t->0.6nt->8nt
4,0.9894698401754356,18.189566349156124,4nt->1.7t->0.6nt->8t
4,0.9393389463151921,12.565306709077928,4nt->1.7t->1.7nt->0.6t
4,0.9640090137014468,13.699790055202307,4nt->1.7t->1.7nt->1.7t
4,0.9790790185065994,12.535690029991288,4nt->1.7t->1.7nt->14nt
4,0.9938169302869437,20.512448930659872,4nt->1.7t->1.7nt->14t
4,0.964432951221635,12.288884370935948,4nt->1.7t->1.7nt->4nt
4,0.9860629040431292,15.650377447269676,4nt->1.7t->1.7nt->4t
4,0.9728412270053458,12.049482881652269,4nt->1.7t->1.7nt->8nt
4,0.9879261511421411,17.04153867881161,4nt->1.7t->1.7nt->8t
4,0.9733455653445339,13.029918955328935,4nt->1.7t->14nt->0.6t
4,0.9779881323606934,13.812402898410355,4nt->1.7t->14nt->1.7t
4,0.9933121030505861,16.86589600860423,4nt->1.7t->14nt->14t
4,0.989251594188442,15.25939628238553,4nt->1.7t->14nt->4t
4,0.9879561443408634,15.213049156526093,4nt->1.7t->14nt->8t
4,0.9426970229792669,13.391003141325704,4nt->1.7t->4nt->0.6t
4,0.9655526420670403,15.187955220457283,4nt->1.7t->4nt->1.7t
4,0.9795922280177751,13.402720895581645,4nt->1.7t->4nt->14nt
4,0.9950904166522329,20.01222357559419,4nt->1.7t->4nt->14t
4,0.9847642187122129,16.284599162880887,4nt->1.7t->4nt->4t
4,0.9696091842174467,12.976746064395103,4nt->1.7t->4nt->8nt
4,0.9837738313983742,17.81755713142275,4nt->1.7t->4nt->8t
4,0.9580703407224846,12.675689711580251,4nt->1.7t->8nt->0.6t
4,0.9748532095934062,13.413114663060654,4nt->1.7t->8nt->1.7t
4,0.979396432017052,12.467012070297208,4nt->1.7t->8nt->14nt
4,0.9966434262258157,19.064435960091856,4nt->1.7t->8nt->14t
4,0.9898861490758063,14.981358755127152,4nt->1.7t->8nt->4t
4,0.9876162281677294,16.792330453254813,4nt->1.7t->8nt->8t
4,0.9494245624461218,6.577307500912315,4nt->14nt->0.6t->0.6nt
4,0.9712281497343118,6.749618183731556,4nt->14nt->0.6t->1.7nt
4,0.9823269579170986,7.741568871312587,4nt->14nt->0.6t->1.7t
4,0.9908340456723954,7.122181822259643,4nt->14nt->0.6t->14nt
4,0.9956861747158686,12.399196483598875,4nt->14nt->0.6t->14t
4,0.9810626741382875,6.684419546989141,4nt->14nt->0.6t->4nt
4,0.9923738834484714,8.911651548564862,4nt->14nt->0.6t->4t
4,0.983316134562164,7.005755685219616,4nt->14nt->0.6t->8nt
4,0.9930569579103972,9.751666127308656,4nt->14nt->0.6t->8t
4,0.9528537277385885,8.280312800386756,4nt->14nt->1.7t->0.6nt
4,0.964352560506092,8.342808662272947,4nt->14nt->1.7t->1.7nt
4,0.9869594301960655,8.764896098704309,4nt->14nt->1.7t->14nt
4,0.9897390995993307,14.435193721378461,4nt->14nt->1.7t->14t
4,0.9701331138714863,8.778837483278922,4nt->14nt->1.7t->4nt
4,0.978922790671294,8.459147112861091,4nt->14nt->1.7t->8nt
4,0.9824386779751976,11.746910185473936,4nt->14nt->1.7t->8t
4,0.9266970030609475,5.864421623065791,4nt->8nt->0.6t->0.6nt
4,0.9582986731511749,6.114165175789563,4nt->8nt->0.6t->1.7nt
4,0.9743850570086204,7.551878060388577,4nt->8nt->0.6t->1.7t
4,0.9867150546882739,6.654151235732855,4nt->8nt->0.6t->14nt
4,0.9937476305318876,14.302547537898382,4nt->8nt->0.6t->14t
4,0.9725526301537948,6.019667615299488,4nt->8nt->0.6t->4nt
4,0.9889468638281571,9.247771779897977,4nt->8nt->0.6t->4t
4,0.9758187492531645,6.485405592000577,4nt->8nt->0.6t->8nt
4,0.9899368978765694,10.465271599426368,4nt->8nt->0.6t->8t
4,0.9503746876310781,7.326350171893314,4nt->8nt->1.7t->0.6nt
4,0.9624781507596447,7.39213218432202,4nt->8nt->1.7t->1.7nt
4,0.9862737323875622,7.83641377595589,4nt->8nt->1.7t->14nt
4,0.9891995620619537,13.804866365160333,4nt->8nt->1.7t->14t
4,0.9685626565469179,7.851088224882294,4nt->8nt->1.7t->4nt
4,0.9778145111663834,7.5145879305354555,4nt->8nt->1.7t->8nt
4,0.9815152704701673,10.97522779976557,4nt->8nt->1.7t->8t
4,0.9632809813998846,5.914916160658478,4nt->8nt->14nt->0.6t
4,0.9696765589772047,6.992862207223984,4nt->8nt->14nt->1.7t
4,0.9907867859267906,11.199339356629224,4nt->8nt->14nt->14t
4,0.9851930488109134,8.98623320410358,4nt->8nt->14nt->4t
4,0.9834084434473552,8.92238563057624,4nt->8nt->14nt->8t
4,0.909195966307374,9.71890178524319,8nt->0.6t->0.6nt->0.6t
4,0.9349365249159824,8.779718788752342,8nt->0.6t->0.6nt->1.7nt
4,0.9668341770814245,10.651385901587883,8nt->0.6t->0.6nt->1.7t
4,0.9805007119312577,9.705504024950882,8nt->0.6t->0.6nt->14nt
4,0.9893622933301411,21.431223832779544,8nt->0.6t->0.6nt->14t
4,0.9533439613841597,9.040975114452365,8nt->0.6t->0.6nt->4nt
4,0.9865126016662148,13.719473008526599,8nt->0.6t->0.6nt->4t
4,0.9702366345589972,8.935132808143125,8nt->0.6t->0.6nt->8nt
4,0.9870337530701478,16.53836177402837,8nt->0.6t->0.6nt->8t
4,0.9437999842883407,9.619685685795437,8nt->0.6t->1.7nt->0.6t
4,0.9666558051238834,10.670738676204893,8nt->0.6t->1.7nt->1.7t
4,0.980617555792195,9.592247029047982,8nt->0.6t->1.7nt->14nt
4,0.9942716356885988,16.982391913029197,8nt->0.6t->1.7nt->14t
4,0.9670485661105146,9.363591556152523,8nt->0.6t->1.7nt->4nt
4,0.9870878436134517,12.477879096988666,8nt->0.6t->1.7nt->4t
4,0.9748384939546276,9.141795747443929,8nt->0.6t->1.7nt->8nt
4,0.9888140667810094,13.766733779209401,8nt->0.6t->1.7nt->8t
4,0.95408619171845,11.453228464504107,8nt->0.6t->1.7t->0.6nt
4,0.9652844302604372,11.514090604465519,8nt->0.6t->1.7t->1.7nt
4,0.9873003274036136,11.92514413435875,8nt->0.6t->1.7t->14nt
4,0.9900073326862364,17.447212910088407,8nt->0.6t->1.7t->14t
4,0.970913872552468,11.938721073273218,8nt->0.6t->1.7t->4nt
4,0.9794737759358255,11.627387818855224,8nt->0.6t->1.7t->8nt
4,0.9828977534396227,14.829204551132896,8nt->0.6t->1.7t->8t
4,0.9784950898425282,10.088759962408353,8nt->0.6t->14nt->0.6t
4,0.9822407324672191,10.720071303771936,8nt->0.6t->14nt->1.7t
4,0.9946041765695421,13.183642407416134,8nt->0.6t->14nt->14t
4,0.9913281409153355,11.887511661185824,8nt->0.6t->14nt->4t
4,0.9902829665214387,11.85011860481275,8nt->0.6t->14nt->8t
4,0.9582945388588852,9.138216504010215,8nt->0.6t->4nt->0.6t
4,0.9749289998115225,10.446049342809363,8nt->0.6t->4nt->1.7t
4,0.9851470973127022,9.14674475804151,8nt->0.6t->4nt->14nt
4,0.9964267748697371,13.957181693693611,8nt->0.6t->4nt->14t
4,0.9889113041330746,11.244193587738188,8nt->0.6t->4nt->4t
4,0.9778813762815941,8.836717640903853,8nt->0.6t->4nt->8nt
4,0.9881904941197133,12.35988987983228,8nt->0.6t->4nt->8t
4,0.9619028981227863,10.138609087090497,8nt->0.6t->8nt->0.6t
4,0.9771517381130096,10.808630117249772,8nt->0.6t->8nt->1.7t
4,0.9812796897946321,9.949005510614025,8nt->0.6t->8nt->14nt
4,0.9969502320019554,15.943395505370132,8nt->0.6t->8nt->14t
4,0.990810600046145,12.233529722285066,8nt->0.6t->8nt->4t
4,0.9887481600077973,13.878970550308143,8nt->0.6t->8nt->8t
4,0.9385266807017275,11.944291821106923,8nt->1.7t->0.6nt->0.6t
4,0.9559527521427739,11.308475394512664,8nt->1.7t->0.6nt->1.7nt
4,0.9775471073348461,12.575573180464417,8nt->1.7t->0.6nt->1.7t
4,0.9867991991898027,11.935221686633396,8nt->1.7t->0.6nt->14nt
4,0.992798391083251,19.87340337786442,8nt->1.7t->0.6nt->14t
4,0.9684143815820707,11.485343016746445,8nt->1.7t->0.6nt->4nt
4,0.9908691815709163,14.652633974902152,8nt->1.7t->0.6nt->4t
4,0.9798505331454839,11.413688954405579,8nt->1.7t->0.6nt->8nt
4,0.9912219952660122,16.56099026813228,8nt->1.7t->0.6nt->8t
4,0.94943257981975,11.872573513942562,8nt->1.7t->1.7nt->0.6t
4,0.9699976967706982,12.81828567300014,8nt->1.7t->1.7nt->1.7t
4,0.9825601436589458,11.847884871646642,8nt->1.7t->1.7nt->14nt
4,0.9948457557989601,18.497359196680936,8nt->1.7t->1.7nt->14t
4,0.9703510936441669,11.642146185847315,8nt->1.7t->1.7nt->4nt
4,0.9883819527599131,14.444307086434167,8nt->1.7t->1.7nt->4t
4,0.977360283045254,11.442579660621966,8nt->1.7t->1.7nt->8nt
4,0.9899351667783329,15.603987478723047,8nt->1.7t->1.7nt->8t
4,0.9777807025263142,12.259877084354303,8nt->1.7t->14nt->0.6t
4,0.981650774388912,12.912160418232599,8nt->1.7t->14nt->1.7t
4,0.994424928770271,15.457570689589987,8nt->1.7t->14nt->14t
4,0.9910400640950783,14.118382829496774,8nt->1.7t->14nt->4t
4,0.9899601692896679,14.079747585874753,8nt->1.7t->14nt->8t
4,0.9522318927784745,12.560879039391478,8nt->1.7t->4nt->0.6t
4,0.971284474685416,14.058829129433803,8nt->1.7t->4nt->1.7t
4,0.9829879582024744,12.570647030005485,8nt->1.7t->4nt->14nt
4,0.9959073417130789,18.08036832398932,8nt->1.7t->4nt->14t
4,0.98729936083608,14.97299813336834,8nt->1.7t->4nt->4t
4,0.9746660326857821,12.215551841802128,8nt->1.7t->4nt->8nt
4,0.9864737679985357,16.25088114075389,8nt->1.7t->4nt->8t
4,0.9650471831610825,11.96458945051523,8nt->1.7t->8nt->0.6t
4,0.9790374838643238,12.579311337257677,8nt->1.7t->8nt->1.7t
4,0.9828247414754847,11.790634510269513,8nt->1.7t->8nt->14nt
4,0.9972019398593518,17.290286851884147,8nt->1.7t->8nt->14t
4,0.9915690328759952,13.886609070013378,8nt->1.7t->8nt->4t
4,0.9896768131178111,15.396245998998948,8nt->1.7t->8nt->8t
4,0.9416930003652507,8.474179273612382,8nt->14nt->0.6t->0.6nt
4,0.9668297429726557,8.67283141398194,8nt->14nt->0.6t->1.7nt
4,0.9796252467974224,9.81642346529859,8nt->14nt->0.6t->1.7t
4,0.9894328290276792,9.102349555321528,8nt->14nt->0.6t->14nt
4,0.9950267121466172,15.186071354139255,8nt->14nt->0.6t->14t
4,0.978167689583986,8.597665739247514,8nt->14nt->0.6t->4nt
4,0.9912080646952222,11.165378877943226,8nt->14nt->0.6t->4t
4,0.9807656407331367,8.968125136152906,8nt->14nt->0.6t->8nt
4,0.9919955620324341,12.133808062244823,8nt->14nt->0.6t->8t
4,0.9456463885933277,10.437526190159586,8nt->14nt->1.7t->0.6nt
4,0.9589030695120172,10.509575911771774,8nt->14nt->1.7t->1.7nt
4,0.9849658938099165,10.996188646967942,8nt->14nt->1.7t->14nt
4,0.9881704964929532,17.53331531170462,8nt->14nt->1.7t->14t
4,0.9655673069218397,11.012261277173739,8nt->14nt->1.7t->4nt
4,0.9757006781143277,10.643699239696003,8nt->14nt->1.7t->8nt
4,0.9797540457105278,14.434068825124925,8nt->14nt->1.7t->8t
