run,task_id,rep,correct,num_tokens,mean_logprob,median_logprob,std_logprob,min_logprob,p10_logprob,p25_logprob,mean_prob,median_prob,min_prob,mean_entropy,median_entropy,max_entropy,high_conf_ratio,low_conf_ratio,perplexity,sum_logprob,tail_10pct_mean_logprob,tail_5pct_mean_logprob,tail_1pct_mean_logprob,entropy_spikes_05,entropy_spikes_10,entropy_spikes_15,entropy_spike_05_ratio,entropy_spike_10_ratio,entropy_spike_15_ratio
human_eval_AgentChatLogprobs_20260311_164050_482,HumanEval_0,0,1,990,-0.04988239993353999,0.0,0.25500391461698385,-2.969938278198242,-0.035052311792969706,-8.583106136939023e-06,0.9696172546688863,1.0,0.05130647696239301,0.05499649931832162,-9.537126574216599e-11,1.3389491188613882,0.9333333333333333,0.023232323232323233,1.0511474740943594,-49.383575934204586,-0.4898916856207029,-0.8885779624082604,-2.1970078547795615,47,5,0,0.047474747474747475,0.005050505050505051,0.0
human_eval_AgentChatLogprobs_20260311_164050_482,HumanEval_100,0,1,1276,-0.07517520735836707,0.0,0.30730970650516076,-2.97916579246521,-0.11735188961029053,-0.0012752494658343494,0.9544949670007855,1.0,0.050835223307960094,0.07830723218389558,4.717370068877265e-07,1.3893404827909908,0.8934169278996865,0.039968652037617555,1.0780730206645381,-95.92356458927638,-0.7117116995683805,-1.209116990604098,-2.480526109536489,85,4,0,0.06661442006269593,0.003134796238244514,0.0
human_eval_AgentChatLogprobs_20260311_164050_482,HumanEval_101,0,0,1012,-0.0685211543518307,-3.576279254957626e-07,0.24611894451955352,-2.9733076095581055,-0.12859576046466822,-0.004660634440369904,0.9530623252074069,0.9999996423721385,0.05113389933946206,0.09617797765227051,4.963806907891634e-06,1.3138845158810708,0.883399209486166,0.03557312252964427,1.0709232793991945,-69.34340820405268,-0.6140211156689295,-0.987603263258934,-1.8154077291488648,86,8,0,0.08498023715415019,0.007905138339920948,0.0
human_eval_AgentChatLogprobs_20260311_164050_482,HumanEval_102,0,0,1822,-0.07228421612620735,-3.576279254957626e-07,0.2593942971432899,-2.696159601211548,-0.17300842851400375,-0.00526151480153203,0.9516320862666764,0.9999996423721385,0.06746410494021547,0.09310987774251944,6.246244327824338e-06,1.1437688635643835,0.884742041712404,0.03677277716794731,1.0749608218515119,-131.70184178194978,-0.6590597420767114,-1.042763887853413,-1.9130983683798048,157,12,0,0.08616904500548847,0.006586169045005488,0.0
human_eval_AgentChatLogprobs_20260311_164050_482,HumanEval_103,0,0,1768,-0.08232655562044852,0.0,0.3126452141711434,-3.4023489952087402,-0.1310444414615631,-0.0016929313133005053,0.9495151591071892,1.0,0.03329496831019404,0.08835075976674307,2.890463791734145e-08,1.343863650520011,0.8863122171945701,0.042986425339366516,1.0858103294070272,-145.55335033695297,-0.7701044096188112,-1.2574315890669823,-2.3312830995110905,145,17,0,0.08201357466063348,0.009615384615384616,0.0
human_eval_AgentChatLogprobs_20260311_164050_482,HumanEval_104,0,1,1439,-0.0409035187783725,0.0,0.19840238364495238,-2.2477753162384033,-0.023245567455887794,-6.890534132253379e-05,0.9727007757446017,1.0,0.10563396552061621,0.050463452173435445,-4.8292054259053205e-11,1.1353295009189341,0.9374565670604587,0.020847810979847115,1.0417515912305313,-58.860163522078025,-0.4052642677370068,-0.7372156587285055,-1.6183926888874598,68,3,0,0.0472550382209868,0.0020847810979847115,0.0
human_eval_AgentChatLogprobs_20260311_164050_482,HumanEval_105,0,1,1529,-0.062444851894892316,0.0,0.267690686262498,-3.0940845012664795,-0.057025708258152,-0.0002402951940894127,0.9610029120765946,1.0,0.04531648065596637,0.06683867913382968,3.924734025883533e-10,1.4108726186216995,0.9182472204054938,0.03662524525833878,1.0644357556842534,-95.47817854729036,-0.6103569509608573,-1.0528253434520018,-2.0695769866307576,99,5,0,0.06474820143884892,0.0032701111837802484,0.0
human_eval_AgentChatLogprobs_20260311_164050_482,HumanEval_106,0,1,1478,-0.07172828987618848,0.0,0.28810143993475207,-2.6118004322052,-0.0969877406954765,-0.0009048802894540131,0.9556005983946043,1.0,0.07340226891395187,0.08070709054317285,2.998579976585758e-11,1.2703881404136195,0.9012178619756428,0.03247631935047361,1.0743633889925939,-106.01441243700657,-0.6865594915184033,-1.14460688829422,-2.1930045655795505,108,15,0,0.07307171853856563,0.010148849797023005,0.0
human_eval_AgentChatLogprobs_20260311_164050_482,HumanEval_107,0,1,1619,-0.06910767872902697,0.0,0.27926411765790116,-3.0775113105773926,-0.11745444387197494,-0.0012730114976875484,0.9560422559866182,1.0,0.046073777409131995,0.0832935212418833,4.308661267952109e-08,1.3003716160116272,0.8919085855466338,0.032736256948733784,1.071551586249299,-111.88533186229466,-0.6494944161787537,-1.0648150533437728,-2.2609660550951958,122,12,0,0.0753551575046325,0.0074119827053736875,0.0
human_eval_AgentChatLogprobs_20260311_164050_482,HumanEval_108,0,0,1655,-0.06252130629629525,0.0,0.2776778163382647,-3.8114259243011475,-0.0788903847336769,-0.00024124909396050498,0.9611144674044284,1.0,0.02211661983624227,0.06969378712832452,5.251204959139592e-11,1.3278836370780562,0.9039274924471299,0.03081570996978852,1.0645171395938255,-103.47276192036864,-0.6034552214723645,-1.016473140294959,-2.324692912399769,111,6,0,0.06706948640483383,0.0036253776435045317,0.0
human_eval_AgentChatLogprobs_20260311_164050_482,HumanEval_109,0,1,5376,-0.14209180086587758,-0.0001044327873387374,0.4042464970004608,-3.458190679550171,-0.3881961405277252,-0.046382686123251915,0.9129203046540963,0.9998955726655749,0.031486680005432366,0.16040885810310493,0.0010619645862126543,1.9056139099870861,0.8024553571428571,0.06956845238095238,1.1526824609280912,-763.8855214549578,-1.1347291385217309,-1.6593985775513436,-2.72773566336002,813,118,8,0.15122767857142858,0.02194940476190476,0.001488095238095238
human_eval_AgentChatLogprobs_20260311_164050_482,HumanEval_10,0,1,1836,-0.08345657139522453,0.0,0.3094930888613287,-3.0026626586914062,-0.1293904185295105,-0.0021433242363855243,0.9483048262662095,1.0,0.04965467872998205,0.08943087357621107,2.2272769425388683e-07,1.5383454046496077,0.8877995642701525,0.046840958605664486,1.0870380057238354,-153.22626508163222,-0.7820074725997904,-1.2582788395357656,-2.237616995970408,148,13,1,0.08061002178649238,0.007080610021786492,0.0005446623093681918
human_eval_AgentChatLogprobs_20260311_164050_482,HumanEval_110,0,1,2228,-0.0683832700082008,0.0,0.28228238777368814,-3.4118120670318604,-0.0801459603011608,-0.0005593672103714198,0.9573819871835796,1.0,0.032981381720068065,0.07528350362159504,3.832276265957206e-09,1.310512294503806,0.9039497307001796,0.034560143626570915,1.0707756260255148,-152.35792557827136,-0.6558327035860972,-1.0959300968024108,-2.1979334625330837,157,14,0,0.07046678635547576,0.0062836624775583485,0.0
human_eval_AgentChatLogprobs_20260311_164050_482,HumanEval_111,0,1,1628,-0.0494091743418986,0.0,0.24062832198578982,-3.479295492172241,-0.036553097143769225,-8.294330473290756e-05,0.9687014754445821,1.0,0.030829122742113215,0.06042570785911163,-8.088093306575199e-11,1.4443666769818972,0.9244471744471745,0.022727272727272728,1.050650161888741,-80.43813582861092,-0.4834923326831173,-0.8525103003154566,-2.0119021385908127,88,9,0,0.05405405405405406,0.005528255528255528,0.0
human_eval_AgentChatLogprobs_20260311_164050_482,HumanEval_112,0,1,1150,-0.07411538935114546,0.0,0.2944058908725257,-3.390841484069824,-0.12146426811814307,-0.0021250309655442834,0.9536058686414722,1.0,0.033680323516079906,0.08712085098676653,4.64574244759205e-07,1.471005527878443,0.888695652173913,0.035652173913043476,1.076931064703772,-85.23269775381729,-0.6899334942517074,-1.1448842642600077,-2.3458836620504204,92,10,0,0.08,0.008695652173913044,0.0
human_eval_AgentChatLogprobs_20260311_164050_482,HumanEval_113,0,0,2886,-0.0781482779065482,0.0,0.29391339185303544,-3.0896506309509277,-0.12823234498500824,-0.0012908561038784683,0.9508704910218944,1.0,0.045517854156441696,0.0883100134852413,3.797391335608901e-09,1.5979066314693684,0.8853083853083853,0.04227304227304227,1.081282977160184,-225.5359300382981,-0.7313470639702346,-1.1875327316423256,-2.1566034725734164,239,26,1,0.08281358281358281,0.009009009009009009,0.0003465003465003465
human_eval_AgentChatLogprobs_20260311_164050_482,HumanEval_114,0,1,2169,-0.07418075468638159,0.0,0.3278736990227165,-3.3535962104797363,-0.07888977974653244,-0.0002402951940894127,0.957736734051309,1.0,0.03495840997547796,0.06915215962510243,6.105177311430579e-10,1.6602204089046095,0.9087136929460581,0.03503918856615952,1.077001460964555,-160.89805691476167,-0.7212497908277092,-1.2588568282900032,-2.6282004515329995,126,15,2,0.058091286307053944,0.006915629322268326,0.0009220839096357768
human_eval_AgentChatLogprobs_20260311_164050_482,HumanEval_115,0,1,1736,-0.09331795951456955,-1.0728841743912199e-06,0.3205230009456729,-2.969374179840088,-0.2241920679807663,-0.01017258339561522,0.9410141495200541,0.9999989271164011,0.05133542702638429,0.10873128506866118,1.5749855282458098e-05,1.3737951281894876,0.8571428571428571,0.04550691244239631,1.0978107391502987,-161.99997771729272,-0.8276139866409963,-1.298606048489726,-2.3728716373443604,173,18,0,0.09965437788018433,0.010368663594470046,0.0
human_eval_AgentChatLogprobs_20260311_164050_482,HumanEval_116,0,1,6095,-0.13230598153187986,-8.428451837971807e-05,0.38315168944696704,-4.070886611938477,-0.372721791267395,-0.03939206153154373,0.9174519524429362,0.9999157190334605,0.017062254201075832,0.1549632994407359,0.0008881119730292436,1.5712701483826081,0.8082034454470878,0.06611977030352748,1.1414575307622148,-806.4049574368078,-1.0694809399899983,-1.5621557276892035,-2.635457177956899,841,129,4,0.1379819524200164,0.021164889253486464,0.0006562756357670221
human_eval_AgentChatLogprobs_20260311_164050_482,HumanEval_117,0,0,4156,-0.11715689679144307,-2.8610271556317457e-06,0.34990501598542634,-3.0444159507751465,-0.3608850985765457,-0.019233761820942163,0.9258757004655126,0.9999971389769442,0.047624118696105375,0.13677969141416704,3.972205714592155e-05,1.5591026340857501,0.8320500481231954,0.06520692974013474,1.1242958142589787,-486.90406306523744,-0.9872482120272625,-1.429262578199451,-2.3527515370671344,544,96,3,0.13089509143407121,0.023099133782483156,0.0007218479307025986
human_eval_AgentChatLogprobs_20260311_164050_482,HumanEval_118,0,0,9453,-0.12414442635586649,-0.0002961001009680331,0.3642939610976076,-3.5415165424346924,-0.3608897626399994,-0.03528452292084694,0.9215690158323748,0.9997039437323404,0.028969360487535116,0.1469884460796412,0.002742365960047023,2.1114327335177956,0.8165661694700095,0.061356183222257485,1.1321793757331189,-1173.537262342006,-1.0130437291488446,-1.4972683688846684,-2.4706273332555244,1240,153,10,0.13117528826827463,0.016185337987940335,0.0010578652279699566
human_eval_AgentChatLogprobs_20260311_164050_482,HumanEval_119,0,1,2309,-0.09744619850204318,-1.0728841743912199e-06,0.34518139940517706,-3.4654853343963623,-0.22789363265037507,-0.006722224876284599,0.9404384269725282,0.9999989271164011,0.03125783124369527,0.10961351913863628,1.556954685515162e-05,2.242756699127097,0.8570809874404504,0.04287570376786488,1.1023521317718974,-225.00327234121772,-0.8702324455199034,-1.3708678183348282,-2.5575558309969693,225,33,2,0.097444781290602,0.01429190125595496,0.0008661758336942399
human_eval_AgentChatLogprobs_20260311_164050_482,HumanEval_11,0,1,1372,-0.09600402319469013,-4.768372718899627e-07,0.32154906346422196,-2.9694113731384277,-0.25193223655223845,-0.008141799131408334,0.9390468683848282,0.9999995231628418,0.051333517728038264,0.11125480470509957,7.2312353899890125e-06,1.4132701186276684,0.8549562682215743,0.05393586005830904,1.1007634925709089,-131.71751982311486,-0.8516300775273873,-1.2891136372790617,-2.3573663234710693,144,13,0,0.10495626822157435,0.009475218658892129,0.0
human_eval_AgentChatLogprobs_20260311_164050_482,HumanEval_120,0,0,1878,-0.07912735528174883,-1.1920930376163597e-07,0.2969140590491093,-3.146582841873169,-0.16752574443817125,-0.004432084388099611,0.9500585097911047,0.9999998807907033,0.04299880983733353,0.09094676662622259,1.5147551174475875e-06,1.3857971976165278,0.8780617678381256,0.04206602768903089,1.0823421552833694,-148.6011732191243,-0.7261778148897191,-1.1962069990814372,-2.217867374420166,156,12,0,0.08306709265175719,0.006389776357827476,0.0
human_eval_AgentChatLogprobs_20260311_164050_482,HumanEval_121,0,1,1268,-0.04773682169016663,0.0,0.2358650215146859,-2.969364643096924,-0.035052262246608734,-2.9921979148639366e-05,0.9699841165348289,1.0,0.051335916601501524,0.05460171390370467,-6.376672106930732e-11,1.3801669647986146,0.9242902208201893,0.022870662460567823,1.0488945726957488,-60.53028990313129,-0.4721656994864581,-0.8436623362321702,-2.01515065630277,62,4,0,0.04889589905362776,0.0031545741324921135,0.0
human_eval_AgentChatLogprobs_20260311_164050_482,HumanEval_122,0,1,924,-0.0570552482517905,0.0,0.25429021996069484,-3.4760873317718506,-0.052839326485991475,-0.00015844170411583036,0.9635634296335788,1.0,0.03092818633385337,0.06362328554793487,-3.4933785526373626e-11,1.1843932029354687,0.9145021645021645,0.02813852813852814,1.0587143008940063,-52.719049384654426,-0.559079071385381,-0.9417642860308938,-2.047957115703159,60,4,0,0.06493506493506493,0.004329004329004329,0.0
human_eval_AgentChatLogprobs_20260311_164050_482,HumanEval_123,0,1,2528,-0.07180135027711326,0.0,0.28473038080254354,-3.0260653495788574,-0.1114004760980606,-0.0005529859336093068,0.9552271650671798,1.0,0.048506117761615335,0.08009717787642526,4.0211678989753013e-10,1.4586148117672115,0.8987341772151899,0.038370253164556965,1.0744418852799826,-181.5138135005423,-0.6880090302595544,-1.1459640614570132,-2.0939837980270384,193,22,0,0.07634493670886076,0.00870253164556962,0.0
human_eval_AgentChatLogprobs_20260311_164050_482,HumanEval_124,0,1,7118,-0.14400456576091614,-0.000344812695402652,0.39554811751184865,-3.7369651794433594,-0.4620670139789581,-0.052708569914102554,0.9101541200641999,0.9996552467456626,0.023826302071793332,0.1692342446421088,0.003250036328170682,1.7291192702281801,0.7934813149761168,0.07221129530767069,1.1548893814616765,-1025.024499086201,-1.1275682696226446,-1.6158327065723044,-2.609270263725603,1120,173,10,0.15734756954200618,0.024304579938184884,0.0014048890137679123
human_eval_AgentChatLogprobs_20260311_164050_482,HumanEval_125,0,0,1365,-0.059817310680873065,0.0,0.2467186884714228,-2.6086347103118896,-0.06623753160238259,-0.00024041443248279393,0.961119421912735,1.0,0.07363500828335787,0.07476089870421844,4.10438954995913e-09,1.5444236285021729,0.9084249084249084,0.03296703296703297,1.061642578068171,-81.65062907939173,-0.5798550099134445,-0.9732470245045775,-1.8999189413510835,100,10,1,0.07326007326007326,0.007326007326007326,0.0007326007326007326
human_eval_AgentChatLogprobs_20260311_164050_482,HumanEval_126,0,0,5628,-0.1208929976883564,-6.896494960528798e-05,0.3672452082914126,-3.3355441093444824,-0.3462877094745635,-0.02539939945563674,0.9249042975784907,0.999931037428424,0.035595213253196124,0.14090558954456087,0.000788142060024587,1.8082072430219966,0.8326226012793176,0.06201137171286425,1.1285041533536042,-680.3857909900698,-1.0148732573642425,-1.5116200750408648,-2.4621507738317763,732,86,8,0.1300639658848614,0.015280739161336177,0.0014214641080312722
human_eval_AgentChatLogprobs_20260311_164050_482,HumanEval_127,0,1,3399,-0.060322249568648914,0.0,0.2645898330747812,-2.985172748565674,-0.07888972759246826,-6.48519599053543e-05,0.9622360842700556,1.0,0.05053077367644491,0.07022468990495076,-9.932064013484518e-11,1.4381723198465508,0.9102677258017063,0.029714621947631657,1.062178778053476,-205.03532628383766,-0.584570860396796,-0.9999435110205024,-2.133900107759418,217,21,0,0.06384230656075317,0.00617828773168579,0.0
human_eval_AgentChatLogprobs_20260311_164050_482,HumanEval_128,0,1,1670,-0.058346190324454573,0.0,0.2431918068264351,-2.974064588546753,-0.07888972759246826,-0.0008386312983930111,0.9618292294589997,1.0,0.05109520669866015,0.07151478475853525,3.0173778773123643e-09,1.4668205958449338,0.9137724550898204,0.03053892215568862,1.0600819222980344,-97.43813784183914,-0.553710866652563,-0.9486351336341307,-1.9065568149089813,107,8,0,0.06407185628742515,0.004790419161676647,0.0
human_eval_AgentChatLogprobs_20260311_164050_482,HumanEval_129,0,0,5599,-0.15448627305095355,-0.00024351461615879089,0.4173577190868626,-3.78918719291687,-0.5063604116439819,-0.06783303990960121,0.9050067565998827,0.9997565150311188,0.022613975182329375,0.17585383957005446,0.0022661376185857157,1.6966868495549254,0.779246293981068,0.07787104840150026,1.167058257798301,-864.968642812289,-1.1977879509516394,-1.7008533407283086,-2.7482985669916324,917,136,4,0.16377924629398108,0.024290051794963387,0.0007144132880871584
human_eval_AgentChatLogprobs_20260311_164050_482,HumanEval_12,0,1,1266,-0.041292612934182335,0.0,0.18659477387857606,-2.5788962841033936,-0.0527004636824131,-0.0004988066502846777,0.9710646642912032,1.0,0.0758576831661406,0.05942863992290264,5.158842522098532e-09,1.2176528551694643,0.9281200631911533,0.019747235387045814,1.04215700955432,-52.27644797467484,-0.3972495153901123,-0.6911203816296563,-1.5292369822661083,62,3,0,0.04897314375987362,0.002369668246445498,0.0
human_eval_AgentChatLogprobs_20260311_164050_482,HumanEval_130,0,0,13140,-0.12247498831045818,-3.182938598911278e-05,0.37131058270433076,-4.04008150100708,-0.360885351896286,-0.025431665126234293,0.9239121148144696,0.9999681711205676,0.01759603826234272,0.1431930208256988,0.00037381106857383795,2.1988222741290824,0.8281582952815829,0.06111111111111111,1.1302908492366488,-1609.3213463994205,-1.0219687841934701,-1.5131665630609115,-2.553958621643882,1734,263,20,0.1319634703196347,0.020015220700152207,0.0015220700152207
human_eval_AgentChatLogprobs_20260311_164050_482,HumanEval_131,0,1,4028,-0.1079392392656184,-5.066407766207703e-06,0.34226139111130327,-3.390991449356079,-0.25569272041320795,-0.01290150685235858,0.9322528261086044,0.9999949336050697,0.03367527301543201,0.12311178269200108,7.092777836300409e-05,2.0461664759433758,0.8463257199602781,0.05958291956305859,1.1139800570837382,-434.7792557619109,-0.9407142147940782,-1.3953276421893295,-2.3340470641851425,455,70,4,0.11295928500496524,0.01737835153922542,0.0009930486593843098
human_eval_AgentChatLogprobs_20260311_164050_482,HumanEval_132,0,0,12241,-0.1394533391448747,-0.0004500567156355828,0.39604250479931946,-3.5945000648498535,-0.3995896577835083,-0.04300275817513466,0.9141221398932935,0.9995500445446965,0.027474415169049818,0.15877789839438763,0.004235736580410928,1.8548864479444227,0.8102279225553468,0.06894861530920676,1.149645161040214,-1707.0483244724114,-1.1257186019245315,-1.6295456032153048,-2.5968327737245405,1745,265,23,0.14255371293195002,0.021648558124336248,0.0018789314598480517
human_eval_AgentChatLogprobs_20260311_164050_482,HumanEval_133,0,1,3504,-0.09180696785495143,-1.1920930376163597e-07,0.3183679350966021,-2.9966306686401367,-0.18733286410570144,-0.009670810075476766,0.9421402108281266,0.9999998807907033,0.049955100417494784,0.10849859833441675,2.45597103849467e-06,1.742134736863948,0.8647260273972602,0.04708904109589041,1.0961532088521897,-321.6916153637498,-0.8195925893528121,-1.2883277927126204,-2.328329062461853,332,47,3,0.09474885844748858,0.01341324200913242,0.0008561643835616438
human_eval_AgentChatLogprobs_20260311_164050_482,HumanEval_134,0,0,11138,-0.10074540587185604,-2.5391900635440834e-05,0.33510657949172346,-4.336560249328613,-0.2519301176071167,-0.015384815633296967,0.9366870667938598,0.9999746084217361,0.013081447821931694,0.11871004363789635,0.00034168402200669223,1.8526959467144042,0.854192853295026,0.0491111510145448,1.105995026076699,-1122.1023306007326,-0.8775952923222907,-1.360984004122748,-2.397750058689633,1194,132,6,0.10720057460944514,0.011851319806069313,0.0005386963548213323
human_eval_AgentChatLogprobs_20260311_164050_482,HumanEval_135,0,1,1608,-0.04766005358030259,0.0,0.2127939577671531,-2.5789716243743896,-0.05273873545229435,-0.0002402951940894127,0.9679407571907528,1.0,0.07585196824301836,0.06250781033201047,4.99678428231946e-10,1.2964636281973128,0.9191542288557214,0.0236318407960199,1.0488140541326247,-76.63736615712656,-0.46117377099581064,-0.7921511191874743,-1.7535252794623375,87,7,0,0.054104477611940295,0.004353233830845771,0.0
human_eval_AgentChatLogprobs_20260311_164050_482,HumanEval_136,0,1,1307,-0.046593335649452,0.0,0.22242004001591667,-2.9693832397460938,-0.0527004636824131,-6.926299829501659e-05,0.9695328501506507,1.0,0.0513349619343475,0.0600535522963871,-4.534661155599755e-12,1.3766037193818628,0.9250191277735271,0.023718439173680182,1.0476958618788483,-60.89748969383376,-0.45359021734732846,-0.7940257253555151,-1.8481236696243286,67,8,0,0.051262433052792655,0.00612088752869166,0.0
human_eval_AgentChatLogprobs_20260311_164050_482,HumanEval_137,0,1,3326,-0.12004760387678226,-7.629423635080457e-06,0.37129246538974914,-3.4260706901550293,-0.3608841150999069,-0.023246392142027617,0.9261193395687102,0.999992370605476,0.0325144494446185,0.1324381892797598,0.00010861546878617878,1.6838383411077338,0.8355381840048106,0.0619362597714973,1.1275505260781176,-399.2783304941778,-1.0204891738403274,-1.5171828040157456,-2.5510821053476045,407,49,1,0.12236921226698737,0.014732411304870716,0.0003006614552014432
human_eval_AgentChatLogprobs_20260311_164050_482,HumanEval_138,0,1,1554,-0.11430155457849825,-5.960466182841628e-07,0.3715236218977004,-2.979017734527588,-0.289951992034912,-0.0068708277540281415,0.9310154862722203,0.9999994039535594,0.050842750423492476,0.11722958770435563,8.786181148106264e-06,1.5115421907173094,0.8378378378378378,0.05662805662805663,1.121090143781785,-177.62461581498627,-1.0003554353790898,-1.533465147792519,-2.558910671869914,179,20,1,0.11518661518661519,0.01287001287001287,0.0006435006435006435
human_eval_AgentChatLogprobs_20260311_164050_482,HumanEval_139,0,1,850,-0.06026355824894588,0.0,0.2629777994658529,-2.5789339542388916,-0.07889017760753632,-0.0004972573660779744,0.9622557546954852,1.0,0.075854825650759,0.0671834661586534,8.63719247687635e-09,1.2580307368326409,0.9117647058823529,0.02588235294117647,1.0621164392086238,-51.224024511604,-0.5764334699686836,-0.9951060570421673,-2.078386589884758,49,3,0,0.05764705882352941,0.0035294117647058825,0.0
human_eval_AgentChatLogprobs_20260311_164050_482,HumanEval_13,0,1,1006,-0.06711935918274746,0.0,0.2680367221562951,-2.97367262840271,-0.11735145375132561,-0.0005248385714367032,0.9570211280899783,1.0,0.05111523790869919,0.07706452735499716,1.7569806699916688e-09,1.529496588599718,0.8976143141153081,0.03578528827037773,1.069423116026214,-67.52207533784394,-0.6415213945508004,-1.0609239500761032,-2.0489909648895264,73,6,1,0.07256461232604373,0.005964214711729622,0.0009940357852882703
human_eval_AgentChatLogprobs_20260311_164050_482,HumanEval_140,0,0,3611,-0.11369853060088146,-5.722062269342132e-06,0.3659666615697918,-3.211583137512207,-0.26391538977622986,-0.01539008179679513,0.9305039481718161,0.9999942779541017,0.04029277375039884,0.12228953271733703,7.5470402723373e-05,1.6765650485313193,0.8385488784270285,0.05898643035170313,1.120414303338491,-410.56539399978294,-0.9856430165820504,-1.4960665272341833,-2.5613158146540322,399,47,2,0.11049570756023262,0.013015785101080033,0.0005538631957906397
human_eval_AgentChatLogprobs_20260311_164050_482,HumanEval_141,0,1,1947,-0.07472041683294105,0.0,0.2902228287679176,-3.05924654006958,-0.1214440420269966,-0.0024911174550652504,0.9529557208227801,1.0,0.0469230365320258,0.08855206976457798,4.692560615178015e-07,1.7161504062725597,0.8885464817668207,0.03749357986646122,1.0775828347434278,-145.48065157373622,-0.6928076497135088,-1.1499507027803009,-2.233794331550598,153,18,2,0.07858243451463791,0.009244992295839754,0.001027221366204417
human_eval_AgentChatLogprobs_20260311_164050_482,HumanEval_142,0,1,7760,-0.11840238237062686,-3.039883085875772e-05,0.3563703526517593,-3.836744785308838,-0.3608935087919235,-0.025748849380761385,0.925235019324043,0.999969601631181,0.021563681633262895,0.13910888191358833,0.000355862790555207,1.7329621731386518,0.8305412371134021,0.06146907216494845,1.1256969808676494,-918.8024871960645,-0.9871174915088821,-1.4469020340553265,-2.443993713948634,985,153,2,0.12693298969072164,0.019716494845360824,0.0002577319587628866
human_eval_AgentChatLogprobs_20260311_164050_482,HumanEval_143,0,1,1906,-0.06349581863218427,0.0,0.2698319936176507,-3.307192325592041,-0.08885515108704567,-0.00036460848059505224,0.9598925502729645,1.0,0.03661884334421052,0.07517201465828074,1.669133739355325e-09,1.2870658045418544,0.9018887722980063,0.029905561385099685,1.0655550303146422,-121.02303031294323,-0.6076981004131468,-1.0137582985978377,-2.181378584159048,131,10,0,0.06873032528856243,0.005246589716684155,0.0
human_eval_AgentChatLogprobs_20260311_164050_482,HumanEval_144,0,1,1762,-0.04658399604473664,0.0,0.22346896993865734,-2.9694149494171143,-0.03583828099071979,-0.0001065191736415727,0.9693138486228977,1.0,0.05133333414540118,0.05877040256001703,-4.290538773623114e-12,1.535123388757201,0.9256526674233825,0.02383654937570942,1.0476860768593308,-82.08100103082596,-0.45463716583749786,-0.7943356304683469,-1.8426698586520027,95,5,1,0.05391600454029512,0.0028376844494892167,0.0005675368898978433
human_eval_AgentChatLogprobs_20260311_164050_482,HumanEval_145,0,0,8708,-0.12952782563605797,-5.215542478254065e-05,0.3823605644929287,-3.639359951019287,-0.3702653497457504,-0.033062295988202095,0.9198949765960741,0.999947845935375,0.02626915213013498,0.14769605548671894,0.0005827831530765873,1.932433252953065,0.8191318327974276,0.06465319246669729,1.138290784687222,-1127.9283056387928,-1.0654564931474884,-1.5612901413577727,-2.592829211004849,1219,159,7,0.13998621956821314,0.018259072117593016,0.0008038585209003215
human_eval_AgentChatLogprobs_20260311_164050_482,HumanEval_146,0,1,1264,-0.06104315963216294,0.0,0.2607404917529402,-3.049247980117798,-0.06128565929830068,-0.0008486234582960606,0.9612142817575668,1.0,0.04739455263877898,0.06983571224739811,1.1753689801751382e-09,1.370400503094912,0.9137658227848101,0.030063291139240507,1.0629447895033317,-77.15855377505396,-0.586042308618152,-1.003038378461959,-2.077733983596166,78,6,0,0.061708860759493674,0.004746835443037975,0.0
human_eval_AgentChatLogprobs_20260311_164050_482,HumanEval_147,0,1,4143,-0.0907132977004272,0.0,0.32241574101415943,-3.9196672439575195,-0.1871512740850448,-0.003215380711480975,0.9436391836819114,1.0,0.019847698087126074,0.10381805050476836,1.9363059054844048e-08,1.8810781204570777,0.8725561187545257,0.04634322954380883,1.0949550341262804,-375.8251923728699,-0.8270107806808706,-1.3017393065535503,-2.354077554330593,410,62,3,0.09896210475500845,0.014965001206854936,0.000724112961622013
human_eval_AgentChatLogprobs_20260311_164050_482,HumanEval_148,0,1,3828,-0.06758786793705873,0.0,0.26330194522840905,-3.3910000324249268,-0.11848212033510208,-0.002146579441614449,0.9555543327316428,1.0,0.033674983979485665,0.08640546049335919,9.566416419085546e-08,1.5957095568362656,0.8887147335423198,0.03343782654127482,1.069924267505896,-258.7263584630608,-0.6245664578340753,-1.0140676801117303,-2.0591194096364474,307,24,1,0.08019853709508883,0.006269592476489028,0.00026123301985370953
human_eval_AgentChatLogprobs_20260311_164050_482,HumanEval_149,0,1,2052,-0.08840214855038916,0.0,0.3113262455669104,-3.180624008178711,-0.17703533172607422,-0.00443211430683732,0.943839176741072,1.0,0.04155971342701695,0.1011370033468706,7.555147573627395e-08,1.2569431357561343,0.8654970760233918,0.04824561403508772,1.092427351780398,-181.40120882539856,-0.7965403499399744,-1.242867940196804,-2.348550868034363,195,18,0,0.09502923976608187,0.008771929824561403,0.0
human_eval_AgentChatLogprobs_20260311_164050_482,HumanEval_14,0,1,603,-0.05616822055511632,0.0,0.2573652366942594,-2.713109254837036,-0.0599660262465477,-0.00024047405167948455,0.964964614159033,1.0,0.06633024811496857,0.06148993638366244,5.781618749496798e-09,1.0388338558326098,0.9187396351575456,0.03150912106135987,1.05777560837093,-33.86943699473514,-0.5475937596832713,-0.9596512695153554,-2.139405449231466,35,1,0,0.05804311774461028,0.001658374792703151,0.0
human_eval_AgentChatLogprobs_20260311_164050_482,HumanEval_150,0,1,1639,-0.07696233836426367,0.0,0.30300838413811826,-2.969893455505371,-0.1234786495566368,-0.001293900073505938,0.952399668182499,1.0,0.05130877670839221,0.08567911960118856,8.635240660124989e-09,1.2925515823759568,0.8926174496644296,0.03477730323367907,1.080001401007295,-126.14127257902814,-0.7256531831494138,-1.179872308984215,-2.398681655526161,135,11,0,0.08236729713239781,0.006711409395973154,0.0
human_eval_AgentChatLogprobs_20260311_164050_482,HumanEval_151,0,1,811,-0.039937573681991016,0.0,0.19231922624123537,-2.6077980995178223,-0.03505263105034828,-0.0001712886441964656,0.9723605504565694,1.0,0.07369663790251664,0.05450652694550275,1.1351002985955375e-10,1.0629302418300912,0.9247842170160296,0.01726263871763255,1.0407458022360123,-32.38937225609472,-0.38905195280173677,-0.6759983547031879,-1.5743437260389328,40,2,0,0.04932182490752158,0.002466091245376079,0.0
human_eval_AgentChatLogprobs_20260311_164050_482,HumanEval_152,0,1,1197,-0.026495080693492584,0.0,0.1614991338047605,-2.200777292251587,-0.0029240521136671303,0.0,0.9824578211724966,1.0,0.11071706538992233,0.032673534854505394,-9.988617391407362e-11,1.103944809212837,0.9598997493734336,0.015873015873015872,1.0268491958633261,-31.71461159011062,-0.26596929979737566,-0.5161094912406752,-1.4424789168617942,33,4,0,0.02756892230576441,0.003341687552213868,0.0
human_eval_AgentChatLogprobs_20260311_164050_482,HumanEval_153,0,1,2301,-0.0700577410761918,0.0,0.2897419567139195,-3.019528388977051,-0.09780657291412354,-0.0012718775542452931,0.9568875829370284,1.0,0.04882423898248834,0.07924016838261302,3.797780982123128e-09,1.555825015115462,0.9009126466753585,0.034767492394611035,1.0725701108187493,-161.20286221631733,-0.6659374817234018,-1.1223952736543572,-2.2490945380666982,159,19,2,0.06910039113428944,0.008257279443720122,0.000869187309865276
human_eval_AgentChatLogprobs_20260311_164050_482,HumanEval_154,0,1,9296,-0.12362252619488369,-0.00012476029951358214,0.3710111910693985,-3.6881556510925293,-0.360885351896286,-0.03505263105034828,0.9227069412704558,0.999875247482816,0.02501810162575061,0.14624577024784036,0.0012813578030584135,1.8079378132727584,0.8201376936316696,0.061639414802065404,1.1315886452992252,-1149.1950035076388,-1.0190518607813523,-1.5077513307332993,-2.6091014354125313,1219,160,3,0.131131669535284,0.01721170395869191,0.00032271944922547335
human_eval_AgentChatLogprobs_20260311_164050_482,HumanEval_155,0,1,752,-0.04767093921128044,0.0,0.21888188220710814,-2.578889846801758,-0.05443197861313819,-0.00036460848059505224,0.9680711417419666,1.0,0.07585817148650026,0.06396832758923036,1.1943593579315954e-10,1.1024095159578775,0.913563829787234,0.02127659574468085,1.0488254711975233,-35.84854628688289,-0.4576429020365079,-0.7911063319927937,-1.8891422748565674,40,3,0,0.05319148936170213,0.003989361702127659,0.0
human_eval_AgentChatLogprobs_20260311_164050_482,HumanEval_156,0,0,1641,-0.0545355780730842,0.0,0.2513953792523546,-2.9694430828094482,-0.02980908378958702,-4.541977250482887e-05,0.9660128171651341,1.0,0.05133188998488652,0.05898260829722231,-7.256404420468898e-11,1.471225953148533,0.923217550274223,0.028641072516758074,1.0560500479711463,-89.49288361793117,-0.537348114044928,-0.9437796015564989,-1.9859623163938522,95,5,0,0.0578915295551493,0.0030469226081657527,0.0
human_eval_AgentChatLogprobs_20260311_164050_482,HumanEval_157,0,1,1675,-0.08287121878934758,-7.152560215217818e-07,0.30231911026410935,-3.150085926055908,-0.17894009351730347,-0.006740407086908817,0.9468876792847449,0.9999992847442343,0.04284844491098146,0.10457133189410842,1.1239429298063202e-05,1.5527667564780003,0.8716417910447761,0.0382089552238806,1.0864018913882527,-138.8092914721572,-0.7399795798662894,-1.1707712735038205,-2.388672985136509,161,17,1,0.09611940298507463,0.010149253731343283,0.0005970149253731343
human_eval_AgentChatLogprobs_20260311_164050_482,HumanEval_158,0,1,2238,-0.12611059878087438,-9.775209491635906e-06,0.37669897410792624,-3.2279672622680664,-0.360907381772995,-0.023450983222573996,0.922339350276313,0.9999902248382927,0.03963799059041219,0.13647844232349401,0.0001266115284986309,1.5263030357817273,0.824396782841823,0.06657730116175156,1.1344076254455813,-282.23552007159685,-1.0607999612664962,-1.5526588462494515,-2.4915794892744585,284,38,1,0.12689901697944594,0.016979445933869526,0.00044682752457551384
human_eval_AgentChatLogprobs_20260311_164050_482,HumanEval_159,0,1,1652,-0.055961371760540876,0.0,0.24608985263751837,-2.991595983505249,-0.07888972759246826,-0.00018830879707820714,0.9637338149119257,1.0,0.05020724281515956,0.06601364806825123,2.3186426920524467e-10,1.1731756345074809,0.9110169491525424,0.026634382566585957,1.0575568313890646,-92.44818614841353,-0.5413683017998031,-0.9097417145967484,-2.035669229924679,108,5,0,0.06537530266343826,0.003026634382566586,0.0
human_eval_AgentChatLogprobs_20260311_164050_482,HumanEval_15,0,1,886,-0.051414287590552096,0.0,0.22929110106732378,-2.2150092124938965,-0.053585413843393326,-0.00016034935106290504,0.9664278300827167,1.0,0.10915250867701216,0.06100254196005129,5.4775084201296585e-09,1.033034952005474,0.9153498871331829,0.025959367945823927,1.0527589479189203,-45.553058805229156,-0.49885739758610725,-0.8595434630459006,-1.8974668830633163,49,2,0,0.055304740406320545,0.002257336343115124,0.0
human_eval_AgentChatLogprobs_20260311_164050_482,HumanEval_160,0,1,4072,-0.12301756472180382,-0.00010544617543928325,0.3584130340679684,-3.1056647300720215,-0.36140512824058535,-0.03505667671561241,0.9216304983357664,0.9998945593838151,0.044794732254839584,0.14838963580303108,0.0010819945160926406,1.8096323171119,0.818516699410609,0.06458742632612967,1.1309042847921864,-500.92752354718516,-0.9996173619784653,-1.4521860236604813,-2.4598585098981856,565,77,5,0.1387524557956778,0.018909626719056976,0.0012278978388998035
human_eval_AgentChatLogprobs_20260311_164050_482,HumanEval_161,0,1,1875,-0.060757192323124494,0.0,0.2725809109609876,-2.969449996948242,-0.05294138416647911,-0.00036460848059505224,0.9628104724114527,1.0,0.05133153507030157,0.06522693148968182,1.64441681833572e-09,1.4394525164359868,0.9146666666666666,0.0288,1.0626408655004569,-113.91973560585842,-0.5925667698091683,-1.038244222120572,-2.18722966644499,106,12,0,0.05653333333333333,0.0064,0.0
human_eval_AgentChatLogprobs_20260311_164050_482,HumanEval_162,0,1,767,-0.07052623717824627,0.0,0.2939175204230611,-3.150074005126953,-0.10976776629686352,-0.0019299820414744318,0.9566069049133298,1.0,0.04284895570729366,0.08161334459376701,1.593969301492005e-07,1.3185439217241548,0.8983050847457628,0.03129074315514994,1.0730727234616868,-54.093623915714886,-0.6733642907715157,-1.131417818759617,-2.3445171798978532,60,8,0,0.07822685788787484,0.010430247718383311,0.0
human_eval_AgentChatLogprobs_20260311_164050_482,HumanEval_163,0,0,5145,-0.11082843006342673,-4.541977250482887e-05,0.3552522476752947,-3.384737968444824,-0.27157870531082157,-0.021171672269701958,0.9311580683700604,0.9999545812589574,0.033886520520113976,0.129597976932586,0.0004994568677901174,1.7544814423217352,0.8443148688046648,0.056365403304178816,1.1172032119261754,-570.2122726763305,-0.9535086781714213,-1.441685874174541,-2.511223732256422,586,89,7,0.11389698736637512,0.017298347910592808,0.0013605442176870747
human_eval_AgentChatLogprobs_20260311_164050_482,HumanEval_16,0,1,500,-0.039553034496933745,0.0,0.1939229118110484,-2.2711844444274902,-0.024432076700031724,-6.890534132253379e-05,0.9730966703325282,1.0,0.10318988498727868,0.05242958139408066,6.709025194949271e-10,1.086813706544885,0.932,0.016,1.0403456716312478,-19.776517248466874,-0.38620126713067293,-0.6784672975540161,-1.6185440301895142,26,1,0,0.052,0.002,0.0
human_eval_AgentChatLogprobs_20260311_164050_482,HumanEval_17,0,1,1181,-0.06634627460478165,0.0,0.28667000534853054,-3.24979305267334,-0.08532243967056274,-0.0006573572172783315,0.9591555910351748,1.0,0.038782232880728726,0.07521312736125538,4.5507970718731e-09,1.1229364473384844,0.9017781541066893,0.03132938187976291,1.068596681001141,-78.35495030824713,-0.6301537348683608,-1.0726387142124822,-2.3673778122121636,77,7,0,0.06519898391193904,0.0059271803556308214,0.0
human_eval_AgentChatLogprobs_20260311_164050_482,HumanEval_18,0,1,1897,-0.09502923225925906,-1.0728841743912199e-06,0.3200299848216841,-2.826586961746216,-0.17793954014778135,-0.010190135799348354,0.9399968750897457,0.9999989271164011,0.0592146109032121,0.10920277948865671,1.5754945910357737e-05,1.265022605093091,0.8608328940432262,0.050606220347917764,1.0996910011087,-180.27045359581444,-0.8444336480091489,-1.3320170304876693,-2.248877657784356,191,13,0,0.10068529256721138,0.006852925672113864,0.0
human_eval_AgentChatLogprobs_20260311_164050_482,HumanEval_19,0,0,1016,-0.04505957686034195,0.0,0.220848971938003,-2.5819592475891113,-0.03780002146959305,-1.978893851628527e-05,0.9708995706447722,1.0,0.0756256893281944,0.05433978669633078,-4.29205270637227e-11,1.0831394624626034,0.9311023622047244,0.021653543307086614,1.0460901808208642,-45.78053009010742,-0.44244233183193915,-0.7917562648653984,-1.8794236063957215,47,3,0,0.04625984251968504,0.002952755905511811,0.0
human_eval_AgentChatLogprobs_20260311_164050_482,HumanEval_1,0,1,4843,-0.11667025277056214,-2.1815538275404833e-05,0.35999802695430266,-3.318441867828369,-0.32507237792015053,-0.02333378791809082,0.9271681856280116,0.9999781846996817,0.036209206552586144,0.13469860261642766,0.00026312656300726925,1.651753757522016,0.8308899442494322,0.05884782159818294,1.1237488155308935,-565.0340341678325,-0.9836422790550003,-1.4752903171807281,-2.5066581492622695,601,66,6,0.12409663431757176,0.01362791658063184,0.0012389015073301672
human_eval_AgentChatLogprobs_20260311_164050_482,HumanEval_20,0,0,8561,-0.11466457316125642,-4.1962550312746316e-05,0.3624389750539614,-3.6216373443603516,-0.30255743861198425,-0.023173095658421516,0.9288990726920127,0.9999580383301028,0.02673885990953443,0.1338722981258933,0.0004873893344222056,1.871823327779618,0.8399719658918351,0.0552505548417241,1.1214971942158907,-981.6434108335162,-0.9757576043430333,-1.4693113236783821,-2.584381369983449,1048,133,11,0.12241560565354515,0.01553556827473426,0.001284896624226142
human_eval_AgentChatLogprobs_20260311_164050_482,HumanEval_21,0,1,1141,-0.06101035100786932,0.0,0.2618792456159491,-2.9693820476531982,-0.07476596534252167,-0.0005529859336093068,0.9616635724951852,1.0,0.05133502313042739,0.06994007786294397,9.903219191214922e-10,1.2439314117849154,0.915863277826468,0.03242769500438212,1.0629099163191618,-69.61281049997889,-0.5861670391209293,-1.0184417502921925,-2.019019278613004,74,3,0,0.06485539000876424,0.0026292725679228747,0.0
human_eval_AgentChatLogprobs_20260311_164050_482,HumanEval_22,0,1,944,-0.051684093222547293,0.0,0.21438321344594533,-2.578889846801758,-0.07899850606918335,-0.0005955533270025626,0.964265776720237,1.0,0.07585817148650026,0.07345127106664928,1.836992424911802e-08,1.5782105957462789,0.9067796610169492,0.0211864406779661,1.053043026533484,-48.789784002084644,-0.4883427142779878,-0.8019878978424884,-1.7708151472939386,62,5,1,0.06567796610169492,0.005296610169491525,0.001059322033898305
human_eval_AgentChatLogprobs_20260311_164050_482,HumanEval_23,0,1,355,-0.06177334105461596,0.0,0.2531538046793588,-2.6878066062927246,-0.1000205978751183,-0.0008388102578464895,0.9597101705031645,1.0,0.06802999240325652,0.07771118561225487,8.042275504715026e-09,1.290397968427745,0.8985915492957747,0.030985915492957747,1.0637212154731328,-21.929536074388665,-0.5907387724944524,-1.0053772943861343,-2.1219695806503296,24,2,0,0.0676056338028169,0.005633802816901409,0.0
human_eval_AgentChatLogprobs_20260311_164050_482,HumanEval_24,0,1,2312,-0.08332720334900254,-1.6689314179529902e-06,0.27535081127799327,-2.973057985305786,-0.23231400400400146,-0.008364211535081267,0.9437133430649252,0.9999983310699747,0.05114666519412001,0.11139573143698345,2.321695331307379e-05,1.4232567615207798,0.8620242214532872,0.04195501730103806,1.0868973868368574,-192.65249414289386,-0.7283180442465332,-1.091620803915936,-1.9969585252844768,245,27,0,0.10596885813148789,0.011678200692041523,0.0
human_eval_AgentChatLogprobs_20260311_164050_482,HumanEval_25,0,1,1786,-0.07876080748670773,0.0,0.3105736476139613,-2.9955222606658936,-0.11735460162162781,-0.0019287278992123902,0.9518825538394263,1.0,0.050010501747117395,0.08378795525177184,3.7978007094782305e-09,1.8424487858580678,0.8958566629339306,0.04143337066069429,1.0819454978542644,-140.66680217126,-0.7464902780615212,-1.2143523271164198,-2.4690314881941853,135,17,1,0.0755879059350504,0.009518477043673012,0.0005599104143337066
human_eval_AgentChatLogprobs_20260311_164050_482,HumanEval_26,0,1,9323,-0.13000190656924632,-0.00017662416212260723,0.37932711420596416,-4.002058982849121,-0.36324192881584166,-0.035787222906947136,0.9190275057620765,0.9998233914350064,0.018277966099514223,0.15024134212023607,0.0017835006547813098,1.8542862976681773,0.8172262147377454,0.06414244341950016,1.1388305545818642,-1212.0077749450834,-1.0603748495038998,-1.5567142624455972,-2.5488064007092546,1268,170,8,0.136007722835997,0.018234473881797705,0.0008580928885551861
human_eval_AgentChatLogprobs_20260311_164050_482,HumanEval_27,0,1,709,-0.08436683307020527,-1.1920930376163597e-07,0.33803948514162807,-3.4175758361816406,-0.11753499656915664,-0.00443211430683732,0.9501855414661602,0.9999998807907033,0.03279183143638594,0.0887078055766585,2.2403924609621358e-06,1.1909724374512316,0.8885754583921015,0.039492242595204514,1.0880279452433426,-59.816084646775536,-0.7875934595508235,-1.3387720108032226,-2.5866624457495555,48,7,0,0.06770098730606489,0.009873060648801129,0.0
human_eval_AgentChatLogprobs_20260311_164050_482,HumanEval_28,0,1,504,-0.06228238942819848,0.0,0.22719657636678742,-2.0661871433258057,-0.17300847172737122,-0.0022181501262821257,0.9567041803627304,1.0,0.12666782840850208,0.08936261053322203,3.1459356491774715e-07,1.3583044089271783,0.8829365079365079,0.02976190476190476,1.064262838872374,-31.390324271812034,-0.5682492738962174,-0.9025335109233856,-1.6973342895507812,39,4,0,0.07738095238095238,0.007936507936507936,0.0
human_eval_AgentChatLogprobs_20260311_164050_482,HumanEval_29,0,1,541,-0.05009073363076663,0.0,0.22635508935971163,-2.981297254562378,-0.04950219392776489,-4.541977250482887e-05,0.9670299008383002,1.0,0.05072698534980901,0.06367742805502837,3.226410863866246e-09,1.4679984095813312,0.9186691312384473,0.025878003696857672,1.051366486346992,-27.09908689424475,-0.4895964246933107,-0.8538836020010488,-1.7557926654815674,29,4,0,0.053604436229205174,0.0073937153419593345,0.0
human_eval_AgentChatLogprobs_20260311_164050_482,HumanEval_2,0,1,822,-0.0726079330834193,0.0,0.297743059050489,-2.9701993465423584,-0.0846561178565025,-0.000890860304934904,0.9554608432816668,1.0,0.05129308421369743,0.08061098518245857,5.12846785192732e-08,1.5995417118445971,0.9014598540145985,0.0340632603406326,1.0753088612279682,-59.68372099457066,-0.6958911266268754,-1.1396462495734052,-2.3526128828525543,65,8,1,0.07907542579075426,0.009732360097323601,0.0012165450121654502
human_eval_AgentChatLogprobs_20260311_164050_482,HumanEval_30,0,1,661,-0.05392633350013646,0.0,0.23590926319348873,-2.3056957721710205,-0.059097252786159515,-9.096082794712856e-05,0.9648391343384294,1.0,0.0996894153972738,0.062002908143034725,1.5416020855441212e-10,1.0524460392148538,0.9122541603630863,0.025718608169440244,1.0554068511626362,-35.6453064435902,-0.5264604497475155,-0.8865034914377964,-1.9981674551963806,43,2,0,0.06505295007564296,0.0030257186081694403,0.0
human_eval_AgentChatLogprobs_20260311_164050_482,HumanEval_31,0,1,1042,-0.06324168481467499,0.0,0.2830543336403222,-2.822305679321289,-0.07519948780536652,-9.611714267521165e-05,0.9618105793607292,1.0,0.05946866883498979,0.0641966789434871,3.3003401735665374e-10,1.5682719218416457,0.9145873320537428,0.0345489443378119,1.065284271153009,-65.89783557689134,-0.6159476647869899,-1.0724142617904222,-2.3296926498413084,64,5,1,0.061420345489443376,0.0047984644913627635,0.0009596928982725527
human_eval_AgentChatLogprobs_20260311_164050_482,HumanEval_32,0,0,5841,-0.12215486374842396,-6.890534132253379e-05,0.37268859477118027,-3.6410977840423584,-0.36088526248931885,-0.026524970307946205,0.9241504096095482,0.999931097032596,0.02622354037436206,0.14282296802126626,0.0007287980162335124,1.9006225293780568,0.8262283855504194,0.05975004280089026,1.1299290732833394,-713.5065591545443,-1.0150638391608244,-1.5172655686531982,-2.618570829259938,775,101,6,0.13268275980140387,0.01729155966444102,0.001027221366204417
human_eval_AgentChatLogprobs_20260311_164050_482,HumanEval_33,0,1,2805,-0.08036579655535628,0.0,0.30486492373191504,-3.0195274353027344,-0.12261569350957867,-0.0019286383176222444,0.950173142898396,1.0,0.04882428554493328,0.08928353334704182,5.739732973152747e-09,1.4447163722206162,0.8877005347593583,0.04135472370766488,1.0836834028373752,-225.42605933777435,-0.7508480935490557,-1.223018050619534,-2.249487199953624,226,27,0,0.08057040998217468,0.009625668449197862,0.0
human_eval_AgentChatLogprobs_20260311_164050_482,HumanEval_34,0,1,709,-0.04880854309668948,0.0,0.2588400121070699,-2.969364643096924,-0.024055644869804386,-4.541977250482887e-05,0.9710601362284009,1.0,0.051335916601501524,0.052440656698993796,4.4658123123228546e-11,1.2175733463351068,0.9308885754583921,0.021156558533145273,1.0500192980509586,-34.60525705555284,-0.4855706443211862,-0.8860556930303574,-2.2897465910230363,29,4,0,0.04090267983074753,0.005641748942172073,0.0
human_eval_AgentChatLogprobs_20260311_164050_482,HumanEval_35,0,1,718,-0.06331389684136761,0.0,0.25953045053717455,-2.3677163124084473,-0.08940652534365653,-0.0005529859336093068,0.9595735313334718,1.0,0.09369445100007158,0.07420660965499157,1.1347209681048506e-09,1.1951941405718614,0.903899721448468,0.037604456824512536,1.065361200266803,-45.459377932101944,-0.6079067552173641,-1.04942501442773,-1.9705509798867362,47,4,0,0.06545961002785515,0.005571030640668524,0.0
human_eval_AgentChatLogprobs_20260311_164050_482,HumanEval_36,0,1,2640,-0.06984660615979986,0.0,0.2546784352831255,-2.578889846801758,-0.12778345644474026,-0.0019289070623926818,0.953434783362269,1.0,0.07585817148650026,0.08757405529492511,5.007262473631796e-09,1.3313514932502903,0.8916666666666667,0.038636363636363635,1.0723436777228845,-184.39504026187163,-0.6505352431400255,-1.0265399041500958,-1.872446399468642,216,22,0,0.08181818181818182,0.008333333333333333,0.0
human_eval_AgentChatLogprobs_20260311_164050_482,HumanEval_37,0,1,1481,-0.059554610724635894,0.0,0.25687509837911254,-3.028613567352295,-0.0751522034406662,-0.0001044327873387374,0.9623985331933121,1.0,0.04838267096167882,0.06519259968655303,1.7610690889193983e-10,1.172407788318068,0.9115462525320729,0.03038487508440243,1.0613637212388152,-88.20037848318576,-0.5790805122940927,-0.993567126828271,-1.958065458706447,94,10,0,0.06347062795408508,0.00675219446320054,0.0
human_eval_AgentChatLogprobs_20260311_164050_482,HumanEval_38,0,0,4019,-0.10723196618460762,-1.3947584193374496e-05,0.3494221991643509,-4.057064056396484,-0.25241388082504274,-0.0159330228343606,0.9331283593280283,0.9999860525130737,0.017299735676736497,0.12304859497618902,0.00018216986318081395,1.4863407293045712,0.8454839512316497,0.056232893754665336,1.1131924475369277,-430.965272095938,-0.9296981568942938,-1.4096520251035691,-2.481694334745407,451,49,0,0.11221696939537198,0.012192087583976113,0.0
human_eval_AgentChatLogprobs_20260311_164050_482,HumanEval_39,0,1,3656,-0.09714997572219329,-1.1920930376163597e-07,0.32286669693642434,-3.330465078353882,-0.25192904472351074,-0.007491311407648027,0.9387143663794051,0.9999998807907033,0.03577646233965637,0.11156371694866041,1.5262373829480338e-06,1.9879349897480063,0.8640590809628009,0.05278993435448578,1.102025638318837,-355.18031124033865,-0.8701774998070443,-1.326236163849359,-2.224690341287189,380,50,6,0.10393873085339168,0.013676148796498906,0.0016411378555798686
human_eval_AgentChatLogprobs_20260311_164050_482,HumanEval_3,0,1,936,-0.05692215085748443,0.0,0.2809294541489472,-3.11409854888916,-0.052700966596603394,-0.00010461162310093641,0.9665896826043673,1.0,0.04441853023877395,0.057858714369096786,6.278356693371062e-11,1.1138834908042463,0.9241452991452992,0.026709401709401708,1.0585733981563443,-53.27913320260542,-0.557538977073085,-1.0094350518091866,-2.3758193386925592,44,3,0,0.04700854700854701,0.003205128205128205,0.0
human_eval_AgentChatLogprobs_20260311_164050_482,HumanEval_40,0,1,3733,-0.13253303848603173,-7.450857810908929e-05,0.38631905993185583,-3.0908849239349365,-0.36823489665985104,-0.0350538045167923,0.918199075863289,0.999925494197586,0.04546170644689957,0.15323252470206616,0.0008027470307038088,1.5314010105121156,0.8148941869809805,0.06857755156710421,1.1417167360585123,-494.7458326683565,-1.083997297942159,-1.5836253412949142,-2.5749886358106457,521,90,1,0.13956603268148943,0.02410929547281007,0.0002678810608090008
human_eval_AgentChatLogprobs_20260311_164050_482,HumanEval_41,0,1,802,-0.10556903209176442,-1.2457448519853642e-05,0.3422111942970838,-2.9839882850646973,-0.2519458204507828,-0.01620305795222521,0.9336579323683621,0.9999875426290898,0.05059066099370991,0.11900935693518139,0.00015913194854130184,1.3761563874907043,0.8341645885286783,0.05486284289276808,1.1113428201944453,-84.66636373759506,-0.9074345309287309,-1.3886049404740333,-2.447491705417633,87,5,0,0.1084788029925187,0.006234413965087282,0.0
human_eval_AgentChatLogprobs_20260311_164050_482,HumanEval_42,0,1,465,-0.03739904376819419,0.0,0.21503996731527283,-2.61128568649292,-0.023479244485497472,-1.2636264727916569e-05,0.976699506262729,1.0,0.07344006214326386,0.0459953941813355,-9.932098044773712e-11,1.3745105182795143,0.9376344086021505,0.017204301075268817,1.038107188401418,-17.3905553522103,-0.3719705457434706,-0.6660524603465329,-2.0071749687194824,15,1,0,0.03225806451612903,0.002150537634408602,0.0
human_eval_AgentChatLogprobs_20260311_164050_482,HumanEval_43,0,1,2210,-0.09152962277303983,-1.0132794727724104e-06,0.30890687782153964,-2.969393730163574,-0.1890532240271568,-0.006715324241667986,0.9414221035309928,0.9999989867210424,0.051334423411990134,0.10341924845237736,1.5189300644874013e-05,1.329298001667172,0.8601809954751132,0.049773755656108594,1.0958492383050096,-202.28046632841802,-0.8176255487748401,-1.2631417897614565,-2.189991696314378,207,14,0,0.09366515837104072,0.006334841628959276,0.0
human_eval_AgentChatLogprobs_20260311_164050_482,HumanEval_44,0,1,1658,-0.09631884713448917,0.0,0.31605381225379053,-3.7480545043945312,-0.2521888822317123,-0.005870822700671852,0.9381222792254382,1.0,0.02356354406288227,0.1130331694710892,6.887988745721373e-07,1.3590009463797486,0.853437876960193,0.04945717732207479,1.1011100938267506,-159.69664854898303,-0.8463361404158852,-1.2901956969644965,-2.2300954088568687,185,20,0,0.11158021712907117,0.012062726176115802,0.0
human_eval_AgentChatLogprobs_20260311_164050_482,HumanEval_45,0,1,359,-0.04669626152108173,0.0,0.24154764749896418,-3.1879148483276367,-0.02324649505317211,-7.152560215217818e-07,0.9710950359829107,1.0,0.04125781010156726,0.04891812903357659,-5.848222709959018e-11,1.1100802488509356,0.9387186629526463,0.025069637883008356,1.0478037024383318,-16.76395788606834,-0.47559313635740963,-0.8920125154887929,-2.0249120394388833,17,1,0,0.04735376044568245,0.002785515320334262,0.0
human_eval_AgentChatLogprobs_20260311_164050_482,HumanEval_46,0,1,3428,-0.07062937851446915,0.0,0.27094006837491874,-2.96952223777771,-0.11906656473875046,-0.0015026737819425762,0.9543386896822522,1.0,0.051327826971569915,0.08472850891373639,5.7400180180968535e-09,1.3492717912371457,0.8911901983663943,0.03704784130688448,1.0731834073241917,-242.11750954760026,-0.6631315740054113,-1.07761204626128,-2.039087902097141,274,26,0,0.07992998833138856,0.007584597432905484,0.0
human_eval_AgentChatLogprobs_20260311_164050_482,HumanEval_47,0,1,2834,-0.08485173463721914,-1.1920930376163597e-07,0.302180754386209,-2.969371795654297,-0.17306942790746688,-0.00671880436129868,0.9459074325030646,0.9999998807907033,0.05133554941972588,0.1055646032946719,1.8504471113517385e-06,2.2947424640800502,0.8733239237826393,0.04128440366972477,1.0885556596333732,-240.46981596187902,-0.7641600513100203,-1.2197139833835846,-2.2145889018263136,267,38,1,0.09421312632321807,0.013408609738884969,0.00035285815102328866
human_eval_AgentChatLogprobs_20260311_164050_482,HumanEval_48,0,1,677,-0.06276967383079873,0.0,0.2549498796984903,-2.579526901245117,-0.09708054810762401,-0.001285186386667192,0.9590043656349081,1.0,0.07580986109109955,0.07958992804738149,2.1077992316297012e-07,1.3012567158068908,0.9025110782865583,0.03249630723781388,1.0647815639270737,-42.49506918345074,-0.5958730929823064,-0.9927246868610382,-2.081651270389557,47,2,0,0.06942392909896603,0.0029542097488921715,0.0
human_eval_AgentChatLogprobs_20260311_164050_482,HumanEval_49,0,1,1429,-0.07195459581558915,0.0,0.3202676182340673,-3.6231157779693604,-0.07889019697904587,-0.00036460848059505224,0.9580294802764587,1.0,0.02669935748842635,0.07362166027163482,2.3613387999983193e-10,1.4632266691338465,0.9083275017494752,0.03778866340097971,1.0746065513220993,-102.82311742047689,-0.6974961364143332,-1.1958110987300603,-2.669291547366551,97,13,0,0.06787963610916725,0.009097270818754374,0.0
human_eval_AgentChatLogprobs_20260311_164050_482,HumanEval_4,0,1,1206,-0.06298575619073643,0.0,0.2588120625394422,-2.578889846801758,-0.07888972759246826,-0.00026011870795628056,0.9599426050164073,1.0,0.07585817148650026,0.07098859270300423,6.556355541808228e-09,1.5132741115460187,0.9112769485903814,0.03399668325041459,1.0650116693001859,-75.96082196602813,-0.6068966298674544,-1.032250819603602,-1.9193351070086162,79,8,1,0.06550580431177445,0.006633499170812604,0.0008291873963515755
human_eval_AgentChatLogprobs_20260311_164050_482,HumanEval_50,0,0,1629,-0.10073881259447479,-2.861027041944908e-06,0.35058778674059177,-2.9915733337402344,-0.2519298613071442,-0.0070775276981294155,0.9387098005722174,0.9999971389770508,0.050208380010289905,0.10926324703815088,4.115425487587333e-05,1.435324545086869,0.8637200736648251,0.05033763044812769,1.1059877339687492,-164.10352571639942,-0.9055197792656627,-1.4040963303895644,-2.5893272012472153,168,20,0,0.10313075506445672,0.012277470841006752,0.0
human_eval_AgentChatLogprobs_20260311_164050_482,HumanEval_51,0,1,1038,-0.05813354929232833,0.0,0.24740094041792624,-2.969371795654297,-0.08237274587154388,-0.0005928843311266974,0.9621737846554621,1.0,0.05133554941972588,0.07245335274722421,2.0258506300340642e-09,1.4167234449043609,0.9084778420038536,0.028901734104046242,1.0598565293486826,-60.3426241654368,-0.555476294414511,-0.9370559494869382,-1.9653128623962401,69,7,0,0.06647398843930635,0.00674373795761079,0.0
human_eval_AgentChatLogprobs_20260311_164050_482,HumanEval_52,0,1,617,-0.04940731203348546,0.0,0.20358087739471656,-1.9149718284606934,-0.03515226691961289,-6.890534132253379e-05,0.965979306607347,1.0,0.14734598349085856,0.062224565481189896,3.2939356703495886e-10,1.3359043509125825,0.9141004862236629,0.027552674230145867,1.0506482052559272,-30.484311524660527,-0.48777232801572223,-0.8284558117389679,-1.5092952648798625,38,1,0,0.06158833063209076,0.0016207455429497568,0.0
human_eval_AgentChatLogprobs_20260311_164050_482,HumanEval_53,0,1,417,-0.045140688329710243,0.0,0.21399454190611414,-2.6174914836883545,-0.05926822870969772,-0.0002402951940894127,0.9692630538193149,1.0,0.07298571924964393,0.06977599966710271,1.2947015203159243e-08,1.211470302338883,0.9136690647482014,0.011990407673860911,1.046175034173766,-18.823667033489173,-0.43602527041987676,-0.7358896091580391,-1.8252823650836945,25,5,0,0.05995203836930456,0.011990407673860911,0.0
human_eval_AgentChatLogprobs_20260311_164050_482,HumanEval_54,0,0,1176,-0.07435309883409577,0.0,0.2938725944434176,-3.075516939163208,-0.11744506284594536,-0.0012718775542452931,0.9536684448615041,1.0,0.04616575732430939,0.08272673306994278,7.848943550556118e-08,1.2150461241835793,0.8928571428571429,0.04081632653061224,1.0771870918591715,-87.43924422889663,-0.7033443935533874,-1.1655665307209409,-2.3161502317948774,91,7,0,0.07738095238095238,0.005952380952380952,0.0
human_eval_AgentChatLogprobs_20260311_164050_482,HumanEval_55,0,1,994,-0.06003496605201305,0.0,0.24534202600309296,-2.916759967803955,-0.0790530115365982,-0.0005848627624800429,0.9605355860865253,1.0,0.05410871758241566,0.07639209717490764,4.027975506588829e-10,1.1497308812904523,0.9054325955734407,0.03219315895372234,1.0618736754263969,-59.67475625570097,-0.570700719877325,-0.9666677877611044,-1.953810214996338,61,11,0,0.0613682092555332,0.011066398390342052,0.0
human_eval_AgentChatLogprobs_20260311_164050_482,HumanEval_56,0,1,869,-0.07180544832671386,0.0,0.28586414838702456,-2.758110523223877,-0.11493255943059918,-0.0019415976712480187,0.9551030318600695,1.0,0.06341146973694989,0.0805581178854455,4.1168638501395113e-07,1.2130824453421822,0.8987341772151899,0.039125431530494824,1.0744462884051436,-62.39893459591434,-0.6806661660761334,-1.1441447090270906,-2.216728702187538,57,4,0,0.06559263521288838,0.004602991944764097,0.0
human_eval_AgentChatLogprobs_20260311_164050_482,HumanEval_57,0,1,1748,-0.09314069468941133,0.0,0.32887196540834535,-3.639594554901123,-0.17303068190813065,-0.005876069073565304,0.9427034320022413,1.0,0.026262990007929872,0.10288894342192002,4.096268235829006e-07,1.5119764211219815,0.8770022883295194,0.05091533180778032,1.097616153168701,-162.809934317091,-0.856712836729384,-1.343087934899604,-2.33346890000736,160,22,1,0.09153318077803203,0.012585812356979404,0.0005720823798627002
human_eval_AgentChatLogprobs_20260311_164050_482,HumanEval_58,0,1,745,-0.04608682286386885,0.0,0.2314028619598833,-2.9703145027160645,-0.03129428252577776,-4.685034946305677e-05,0.9708135103761101,1.0,0.05128717783846611,0.05255372997437084,-2.4158824003066443e-11,1.1295997915132916,0.9315436241610738,0.021476510067114093,1.0471653249026278,-34.334683033582294,-0.45361329423817426,-0.82097950094455,-2.0481765951429094,33,2,0,0.04429530201342282,0.0026845637583892616,0.0
human_eval_AgentChatLogprobs_20260311_164050_482,HumanEval_59,0,1,1987,-0.08388640467461897,-2.3841860752327193e-07,0.30984716726067546,-3.2615580558776855,-0.17301895022392272,-0.006740347016602755,0.9472363905893894,0.9999997615814209,0.03832863331884603,0.09601606253565938,3.3141915489217474e-06,1.2017273816498761,0.8741821841972823,0.03824861600402617,1.0875053512678006,-166.6822860884679,-0.7596502587048695,-1.215765376885732,-2.3454401618555973,165,13,0,0.08303975842979366,0.006542526421741319,0.0
human_eval_AgentChatLogprobs_20260311_164050_482,HumanEval_5,0,1,1001,-0.06792873197471054,0.0,0.2815882552286874,-2.5788919925689697,-0.07888972759246826,-0.0005537015968002379,0.9581985373870949,1.0,0.07585800871269777,0.06972266588660816,8.67371947202777e-09,1.3596462616056495,0.9110889110889111,0.03796203796203796,1.0702890283750992,-67.99666070668525,-0.6557798239588738,-1.1266875797510147,-2.14065420627594,68,5,0,0.06793206793206794,0.004995004995004995,0.0
human_eval_AgentChatLogprobs_20260311_164050_482,HumanEval_60,0,1,939,-0.0685859024952763,0.0,0.25209720677883096,-2.6118826866149902,-0.12155455052852622,-0.0013148484285920858,0.9538607019579807,1.0,0.07339623150195039,0.0867770800237924,1.9406206652747638e-08,1.3541736030015246,0.8892438764643238,0.038338658146964855,1.0709926219381845,-64.40216244306444,-0.6414096478813438,-1.0103002657061038,-1.9189315636952717,79,7,0,0.08413205537806177,0.007454739084132056,0.0
human_eval_AgentChatLogprobs_20260311_164050_482,HumanEval_61,0,1,1068,-0.04965179299983542,0.0,0.22089075207333542,-3.0194265842437744,-0.07888982594013214,-0.00036460848059505224,0.9666874585339148,1.0,0.04882920977413614,0.06736226033014296,6.646567143521909e-09,1.2368141596367572,0.9138576779026217,0.023408239700374533,1.0509051001461178,-53.02811492382423,-0.4762108945199903,-0.8030637204647064,-1.8695201635360719,62,5,0,0.05805243445692884,0.0046816479400749065,0.0
human_eval_AgentChatLogprobs_20260311_164050_482,HumanEval_62,0,1,1226,-0.05431980465695545,0.0,0.2166792508604849,-2.969364643096924,-0.11735101789236069,-0.0006602650537388399,0.9619996155665371,1.0,0.051335916601501524,0.07586687991524058,2.8703776835864624e-08,1.0131116587793314,0.8972267536704731,0.02365415986949429,1.055822205026802,-66.59608050942738,-0.5115302909837395,-0.8082544017033498,-1.725842535495758,95,1,0,0.07748776508972267,0.0008156606851549756,0.0
human_eval_AgentChatLogprobs_20260311_164050_482,HumanEval_63,0,1,2430,-0.058927237864157,0.0,0.2550114064009326,-2.9701879024505615,-0.07888972759246826,-0.000245124345383374,0.9623039726853406,1.0,0.051293671219820584,0.07072464629968717,-2.9910281364438657e-11,1.4441019917027749,0.9135802469135802,0.030041152263374487,1.0606980592759716,-143.19318800990152,-0.5667394083529833,-0.9677277103928495,-2.040674934784571,158,18,0,0.06502057613168724,0.007407407407407408,0.0
human_eval_AgentChatLogprobs_20260311_164050_482,HumanEval_64,0,0,1669,-0.09566667258264451,0.0,0.3554209035611416,-3.02813458442688,-0.17300903797149658,-0.0032005212269723415,0.9439624887133026,1.0,0.048405850985930185,0.09540909668211323,1.0205343917025543e-06,1.6109574978707277,0.8753744757339724,0.05032953864589575,1.100392211962364,-159.6676765404337,-0.8889546592731074,-1.4517129638108863,-2.6196962893009186,145,15,1,0.08687837028160575,0.008987417615338526,0.0005991611743559018
human_eval_AgentChatLogprobs_20260311_164050_482,HumanEval_65,0,1,1293,-0.07120209004112639,-1.1920930376163597e-07,0.2669534814683747,-3.934220552444458,-0.12840170562267303,-0.00443582609295845,0.9526416037893829,0.9999998807907033,0.01956094011396218,0.08989492559541765,2.237695505777885e-06,1.3645639997976813,0.8839907192575406,0.037122969837587005,1.0737982078666577,-92.06430242317643,-0.6495958319468091,-1.0301943710073829,-2.0766753951708474,100,4,0,0.07733952049497293,0.0030935808197989174,0.0
human_eval_AgentChatLogprobs_20260311_164050_482,HumanEval_66,0,1,612,-0.02963139829449302,0.0,0.18075626676360249,-2.2006869316101074,-0.010168880224227905,-8.940700695347914e-07,0.981053570649465,1.0,0.11072707030699225,0.03514342289438562,-8.809414460491085e-11,1.3011655301889042,0.9575163398692811,0.013071895424836602,1.030074776648749,-18.13441575622973,-0.29548229719893854,-0.5712471547226111,-1.6185836493968964,17,2,0,0.027777777777777776,0.0032679738562091504,0.0
human_eval_AgentChatLogprobs_20260311_164050_482,HumanEval_67,0,0,1008,-0.05189060314336395,0.0,0.23027515165346232,-2.969364881515503,-0.05573616437613963,-0.00036463829019339755,0.9657772302068354,1.0,0.05133590436206669,0.06376683253375792,3.0781757431165885e-08,1.3311782361831912,0.9126984126984127,0.027777777777777776,1.053260512821275,-52.305727968510865,-0.5051873469352722,-0.8611294043064117,-1.8095512986183167,56,5,0,0.05555555555555555,0.00496031746031746,0.0
human_eval_AgentChatLogprobs_20260311_164050_482,HumanEval_68,0,1,1623,-0.056027999592280976,0.0,0.24149590123846099,-2.9693655967712402,-0.05440558493137358,-0.00010520773139433004,0.9637119155219476,1.0,0.051335867643779697,0.06648320828042467,2.8298852677039204e-10,1.5005813171206492,0.9131238447319778,0.03203943314849045,1.0576272964551232,-90.93344333827203,-0.5441129519891592,-0.9345361152548849,-1.87565266340971,100,12,1,0.061614294516327786,0.0073937153419593345,0.0006161429451632779
human_eval_AgentChatLogprobs_20260311_164050_482,HumanEval_69,0,1,2931,-0.08973627404992895,-2.3841860752327193e-07,0.3193154536264321,-3.0648860931396484,-0.174443319439888,-0.006715324241667986,0.9439392107568892,0.9999997615814209,0.046659156359794736,0.1016089612524122,4.005592158820449e-06,1.5658590643264165,0.8717161378369157,0.04605936540429888,1.093885759600016,-263.01701924034177,-0.814647595630164,-1.290982332539885,-2.36601315695664,281,26,1,0.09587171613783692,0.008870692596383487,0.000341180484476288
human_eval_AgentChatLogprobs_20260311_164050_482,HumanEval_6,0,1,1476,-0.073519851548603,0.0,0.2853544554678148,-2.554166316986084,-0.10001682117581367,-0.0006708519940730184,0.9541454881999357,1.0,0.07775702976810833,0.07943093952203704,1.0897112467042497e-07,1.2967200526179667,0.8997289972899729,0.041327913279132794,1.076289902481129,-108.51530088573803,-0.7060405201449687,-1.172173903413015,-2.08236186844962,115,11,0,0.07791327913279132,0.007452574525745257,0.0
human_eval_AgentChatLogprobs_20260311_164050_482,HumanEval_70,0,0,1917,-0.07094576476329453,0.0,0.3051140331010805,-3.404256820678711,-0.07888972759246826,-0.000394123955629766,0.9579141594906986,1.0,0.03323150787659435,0.07037014679558785,4.021281372185422e-10,1.6189563237661486,0.9076682316118936,0.038601982263954095,1.0735230015153698,-136.0030310512356,-0.6875924531623955,-1.190617642590874,-2.407431113092523,123,10,1,0.06416275430359937,0.005216484089723527,0.0005216484089723526
human_eval_AgentChatLogprobs_20260311_164050_482,HumanEval_71,0,1,1715,-0.05707816967056195,0.0,0.28173518729265723,-3.003041982650757,-0.03706079572439193,-3.767084490391426e-05,0.9665823407039199,1.0,0.04963584709251736,0.057036809529501305,-8.539834455068264e-11,1.6745380848580895,0.921865889212828,0.027988338192419825,1.0587385684059782,-97.88906098501374,-0.5619037227367448,-1.008129760097055,-2.409359511207132,89,7,1,0.051895043731778424,0.004081632653061225,0.0005830903790087463
human_eval_AgentChatLogprobs_20260311_164050_482,HumanEval_72,0,1,769,-0.06204908536403152,0.0,0.26314544935078954,-2.977846384048462,-0.07953409254550933,-0.0005529859336093068,0.960448206316255,1.0,0.05090233999688541,0.06893095988430602,1.937485241009324e-08,0.9642470492262535,0.9063719115734721,0.031209362808842653,1.0640145709888025,-47.71574664494024,-0.6021803860601626,-0.9982316995921888,-2.2150772299085344,52,0,0,0.06762028608582575,0.0,0.0
human_eval_AgentChatLogprobs_20260311_164050_482,HumanEval_73,0,1,1658,-0.05656885749830351,0.0,0.23717536464207928,-2.6008141040802,-0.0789080485701561,-0.0008387207490159199,0.962372913396939,1.0,0.07421313639756158,0.07287119081085205,7.046033897660343e-09,1.4752178560094251,0.9119420989143546,0.026537997587454766,1.0581994772603442,-93.79116573218722,-0.5362443747394012,-0.9033288654030823,-1.9516052976250648,106,8,0,0.06393244873341375,0.0048250904704463205,0.0
human_eval_AgentChatLogprobs_20260311_164050_482,HumanEval_74,0,1,1460,-0.03600491711394197,0.0,0.19042824795305544,-2.5942797660827637,-0.01131828296929597,-2.0563624048008933e-06,0.9761850479992099,1.0,0.07469965793160016,0.05497085507717249,-9.598942962490134e-11,1.699321479580547,0.9424657534246575,0.02054794520547945,1.0366609438583716,-52.56717898635527,-0.35776011939862207,-0.6602121062882959,-1.6048205920628138,74,12,2,0.050684931506849315,0.00821917808219178,0.0013698630136986301
human_eval_AgentChatLogprobs_20260311_164050_482,HumanEval_75,0,1,6476,-0.13909835838601917,-7.176656799856573e-05,0.3896804427836392,-3.912320613861084,-0.40351642668247223,-0.03628154098987579,0.9135166251950525,0.9999282360075081,0.01999404871696118,0.15815942582805592,0.0007692328407604824,1.6832189203195076,0.8052810376775787,0.07365657813465101,1.1492371315541265,-900.8009689078601,-1.1155966034812574,-1.5819381885115207,-2.559985276311636,965,147,6,0.14901173563928352,0.022699197035206918,0.0009264978381717109
human_eval_AgentChatLogprobs_20260311_164050_482,HumanEval_76,0,1,6877,-0.1415365951855981,-0.00015844170411583036,0.39421312669632463,-3.475170373916626,-0.4088409304618834,-0.050972118973731995,0.9121352048257468,0.9998415708471081,0.030956559183625765,0.16338442701180095,0.00154476576833486,1.874606494270442,0.8010760506034608,0.07357859531772576,1.1520426627044644,-973.3471650913582,-1.1262666415179141,-1.6110446632082192,-2.589176121880026,1052,157,14,0.1529736803838883,0.022829722262614514,0.0020357714119528863
human_eval_AgentChatLogprobs_20260311_164050_482,HumanEval_77,0,0,3841,-0.12121075503996334,-4.541977250482887e-05,0.3728385290141862,-3.514105796813965,-0.3460158109664917,-0.02360178716480732,0.9252397909621851,0.9999545812589574,0.02977441543098418,0.13726569899891988,0.0004993798232938849,1.9607389446388297,0.830252538401458,0.06378547253319448,1.1288628008230686,-465.5705101084992,-1.0236386908218265,-1.521939347187678,-2.579733836023431,482,69,2,0.12548815412652956,0.017964071856287425,0.000520697734964853
human_eval_AgentChatLogprobs_20260311_164050_482,HumanEval_78,0,1,3913,-0.11124665016681305,-1.7881409348774469e-06,0.36001702529485574,-3.521960973739624,-0.2723264098167418,-0.015415201894938946,0.9314218420576182,0.9999982118606638,0.0295414483267384,0.12809375264760767,2.4577078601230073e-05,1.8805188802315205,0.8448760541783797,0.057500638895987735,1.117670546486513,-435.30814210273945,-0.9626183592145096,-1.456785519612141,-2.5784487418639355,465,71,5,0.11883465371837465,0.018144646051622797,0.001277791975466394
human_eval_AgentChatLogprobs_20260311_164050_482,HumanEval_79,0,1,648,-0.036324797303198986,0.0,0.1779761604038507,-1.839672565460205,-0.03860907629132271,-5.4748398724768776e-05,0.9748633020519554,1.0,0.15886943693235508,0.050180485292593155,8.597455663427131e-10,1.0780896119062346,0.9351851851851852,0.013888888888888888,1.0369926042002469,-23.538468652472943,-0.3552879294147715,-0.6273107910528779,-1.5477028687795003,24,3,0,0.037037037037037035,0.004629629629629629,0.0
human_eval_AgentChatLogprobs_20260311_164050_482,HumanEval_7,0,1,578,-0.05360484501545041,0.0,0.24079060991357126,-2.2150678634643555,-0.05270059555768967,-0.0002102034086419735,0.9659331334940557,1.0,0.1091461069641854,0.05892520280957353,6.36350541353122e-10,1.4462235017810319,0.9307958477508651,0.0328719723183391,1.0550676045481906,-30.983600418930337,-0.5305279201844282,-0.9512362480163574,-2.0221381425857543,31,2,0,0.05363321799307959,0.0034602076124567475,0.0
human_eval_AgentChatLogprobs_20260311_164050_482,HumanEval_80,0,1,1611,-0.06762864835993515,0.0,0.28212946087552065,-3.3856561183929443,-0.08829990774393082,-0.0005529859336093068,0.9579920510670467,1.0,0.0338554218918431,0.07431094150778585,1.896042328522385e-08,1.2458548418727797,0.9019242706393544,0.03414028553693358,1.0699679003596476,-108.94975250785554,-0.6431793701944885,-1.0917812127619981,-2.2015406861901283,106,5,0,0.06579764121663563,0.0031036623215394167,0.0
human_eval_AgentChatLogprobs_20260311_164050_482,HumanEval_81,0,0,6330,-0.0905792032400742,0.0,0.3236958311531807,-3.1857211589813232,-0.17546729147434234,-0.002094389346893877,0.9440111360199239,1.0,0.04134841626459143,0.10134849076343772,3.857423480956796e-09,1.5893226624140904,0.8731437598736177,0.04834123222748815,1.0948082165657993,-573.3663565096697,-0.8308404485384623,-1.3104078184954728,-2.3684209131059193,602,89,1,0.09510268562401264,0.01406003159557662,0.0001579778830963665
human_eval_AgentChatLogprobs_20260311_164050_482,HumanEval_82,0,1,1555,-0.05866727554063301,0.0,0.24170414743494337,-2.585097312927246,-0.07889713495969772,-0.0005529859336093068,0.961581599854953,1.0,0.07538874294490043,0.07005308702179386,2.4962296334072996e-09,1.3775619551938099,0.9086816720257235,0.030868167202572346,1.0604223535820239,-91.22761346568433,-0.5661889918869542,-0.9552348701210766,-1.8298674742380778,103,9,0,0.06623794212218649,0.005787781350482315,0.0
human_eval_AgentChatLogprobs_20260311_164050_482,HumanEval_83,0,1,2022,-0.0593417614332901,0.0,0.23821784769228202,-2.969364643096924,-0.0992344290018079,-0.0012718775542452931,0.9602498452611274,1.0,0.051335916601501524,0.07815383092326457,2.0619574067643434e-08,1.7365041534600376,0.900593471810089,0.028684470820969338,1.0611378347636302,-119.98904161811258,-0.5574709607085379,-0.922447673164972,-1.8395377457141877,142,16,1,0.0702274975272008,0.00791295746785361,0.0004945598417408506
human_eval_AgentChatLogprobs_20260311_164050_482,HumanEval_84,0,1,1363,-0.06857178929977678,0.0,0.3033038378702867,-2.975933313369751,-0.07888972759246826,-0.00036460848059505224,0.9596607921466491,1.0,0.05099981297763399,0.0688439410490751,2.0558965829131622e-08,1.6760035078443072,0.9126925898752751,0.034482758620689655,1.0709775069165934,-93.46334881559575,-0.6661267810884643,-1.1577710005290367,-2.4345014645503116,84,8,1,0.061628760088041086,0.00586940572267058,0.0007336757153338225
human_eval_AgentChatLogprobs_20260311_164050_482,HumanEval_85,0,1,842,-0.04726013177191961,0.0,0.24142887865018306,-2.9711954593658447,-0.032874925434589336,-8.654972407384776e-05,0.9706381426093474,1.0,0.05124201595385292,0.05218690709355211,4.036540356739996e-09,1.3575293137045419,0.9311163895486936,0.023752969121140142,1.048394694380583,-39.79303095195631,-0.46365580051427796,-0.8283358517856825,-2.0900657176971436,40,1,0,0.047505938242280284,0.0011876484560570072,0.0
human_eval_AgentChatLogprobs_20260311_164050_482,HumanEval_86,0,0,4932,-0.13735574861782332,-0.0004007427196484059,0.38266813352010687,-3.501986026763916,-0.3795176714658737,-0.04624869767576456,0.9139517011929619,0.9995993375670346,0.03013747012504051,0.15919715479712224,0.003814598596293618,1.5188507519409051,0.8031224655312247,0.07137064071370641,1.1472362036273318,-677.4385521831045,-1.0981676400191402,-1.5766710997596989,-2.483796080764459,714,101,2,0.14476885644768855,0.020478507704785077,0.00040551500405515005
human_eval_AgentChatLogprobs_20260311_164050_482,HumanEval_87,0,1,1428,-0.07465552097391913,0.0,0.30975550092471776,-3.2604479789733887,-0.11735101789236069,-0.0012718775542452931,0.9551541449578992,1.0,0.0383712046738339,0.0789229033408714,6.87077714892061e-08,1.4448149103589967,0.8984593837535014,0.0392156862745098,1.077512906348756,-106.60808395075652,-0.7099563604299451,-1.2124360270903145,-2.4483223983219693,95,12,0,0.0665266106442577,0.008403361344537815,0.0
human_eval_AgentChatLogprobs_20260311_164050_482,HumanEval_88,0,1,1647,-0.0665523082193749,0.0,0.26687055984850755,-2.969364643096924,-0.11735136657953263,-0.0006146531668491662,0.9572505934655986,1.0,0.051335916601501524,0.07604273994123634,6.675923508573385e-10,1.2118776643342637,0.8955676988463873,0.033394049787492414,1.0688168705203123,-109.61165163731046,-0.6301373332829737,-1.0410372454945633,-2.093740686774254,109,7,0,0.06618093503339405,0.004250151791135397,0.0
human_eval_AgentChatLogprobs_20260311_164050_482,HumanEval_89,0,1,1588,-0.0708694998001555,0.0,0.2709268830391516,-2.9721872806549072,-0.11738529577851295,-0.0008396453922614455,0.9543596233665745,1.0,0.05119121822683314,0.0807078423669321,1.9375600058073746e-08,1.3722351983125904,0.8954659949622166,0.04219143576826197,1.073441132445141,-112.54076568264693,-0.6703890315905402,-1.095420263236082,-2.009768803914388,125,8,0,0.0787153652392947,0.005037783375314861,0.0
human_eval_AgentChatLogprobs_20260311_164050_482,HumanEval_8,0,1,1029,-0.0666471418373167,0.0,0.30421324425061846,-2.969898223876953,-0.05270119234919548,-0.00010467123502166942,0.9614745286344946,1.0,0.05130853204966276,0.0605375665714129,6.629647442924833e-10,1.2977957038278898,0.9173955296404276,0.03206997084548105,1.0689182350973696,-68.57990895059888,-0.6592459516855431,-1.1593591541636223,-2.426569736003876,58,3,0,0.056365403304178816,0.0029154518950437317,0.0
human_eval_AgentChatLogprobs_20260311_164050_482,HumanEval_90,0,1,3241,-0.08062144826795666,0.0,0.29435777331179447,-3.218364715576172,-0.1730087399482727,-0.00443211430683732,0.9483167272105811,1.0,0.04002044959722556,0.09723479065364625,1.0205539367430976e-06,1.5406178641549781,0.8747300215982722,0.04134526380746683,1.0839604837718257,-261.29411383644754,-0.7328289108879772,-1.1628910395098322,-2.229505453258753,292,36,1,0.09009564949089788,0.011107682813946312,0.000308546744831842
human_eval_AgentChatLogprobs_20260311_164050_482,HumanEval_91,0,0,5168,-0.1410563168742134,-0.0002402951940894127,0.39239189023690285,-3.3690052032470703,-0.44554282426834085,-0.044467746280133724,0.9123880457382343,0.9997597336744883,0.03442386506502686,0.15900072944551735,0.0022437132834699294,1.6232737354595532,0.7995356037151703,0.0733359133126935,1.151489494447769,-728.979045605935,-1.1242279464653295,-1.6109902151795321,-2.5677275938146256,790,98,1,0.15286377708978327,0.018962848297213623,0.0001934984520123839
human_eval_AgentChatLogprobs_20260311_164050_482,HumanEval_92,0,1,2609,-0.08735113918081147,-2.3841860752327193e-07,0.3162044978187836,-3.4452037811279297,-0.17315916419029237,-0.004477376583963633,0.9451710317200315,0.9999997615814209,0.03189826111661811,0.10551833224858494,4.0081261552771914e-06,1.8735728152435467,0.874664622460713,0.04331161364507474,1.091279803545701,-227.89912212273714,-0.7937189315374081,-1.250663301577935,-2.401367540542896,250,26,5,0.09582215408202377,0.009965504024530471,0.0019164430816404753
human_eval_AgentChatLogprobs_20260311_164050_482,HumanEval_93,0,1,7688,-0.1048214033592182,-1.0728841743912199e-06,0.3572416772612974,-3.8045949935913086,-0.2519319236278534,-0.009146258002147079,0.9365010242794004,0.9999989271164011,0.022268214109398457,0.11317989751339476,1.5748771344651887e-05,1.7598995484880235,0.8588709677419355,0.053069719042663895,1.1105122588847955,-805.8669490256696,-0.9358313231884191,-1.4535967595875263,-2.5479038734185067,798,106,8,0.10379812695109261,0.013787721123829344,0.001040582726326743
human_eval_AgentChatLogprobs_20260311_164050_482,HumanEval_94,0,1,3322,-0.05147964746348981,0.0,0.247153037568478,-3.866042137145996,-0.036887931078672394,-2.413991069261101e-06,0.9678449157024414,1.0,0.02094108757632728,0.0589293350561892,-9.998090274618104e-11,2.017642804529706,0.9244431065623119,0.024382901866345574,1.0528277583586867,-171.01538887371316,-0.5074539091101432,-0.8997613261622118,-2.0168141054384634,181,21,2,0.05448524984948826,0.006321493076459964,0.0006020469596628537
human_eval_AgentChatLogprobs_20260311_164050_482,HumanEval_95,0,1,2915,-0.08195654977282475,-2.3841860752327193e-07,0.30841405936823085,-2.9861342906951904,-0.16641826629638667,-0.004452200839295983,0.9486971608746083,0.9999997615814209,0.0504822095606813,0.09232117189892895,3.310446271747177e-06,1.4482106858814443,0.8771869639794168,0.04150943396226415,1.0854086475526366,-238.90334258778415,-0.7490446412378979,-1.2060890530717785,-2.4154678336505233,235,14,0,0.08061749571183534,0.004802744425385935,0.0
human_eval_AgentChatLogprobs_20260311_164050_482,HumanEval_96,0,1,2990,-0.07481952127836708,0.0,0.30753596043684117,-3.390868902206421,-0.11793077290058135,-0.001280411845073104,0.9544134031253283,1.0,0.033679400077028666,0.08361013251344127,8.543662753173053e-11,1.5739745751840952,0.8946488294314381,0.03678929765886288,1.0776896332846835,-223.71036862231756,-0.7032212338668845,-1.173098210720408,-2.4739218621418395,229,20,1,0.0765886287625418,0.006688963210702341,0.00033444816053511704
human_eval_AgentChatLogprobs_20260311_164050_482,HumanEval_97,0,1,883,-0.038330047707309155,0.0,0.19116803326095977,-2.200713634490967,-0.012347514182329178,-4.768372718899627e-07,0.9743802278381818,1.0,0.1107241136147022,0.0469085418521798,-9.978499348175096e-11,1.3684156716279077,0.9377123442808607,0.021517553793884484,1.0390741203219143,-33.845432125553984,-0.3815867077157071,-0.698639860546047,-1.61651711165905,39,4,0,0.044167610419026046,0.004530011325028313,0.0
human_eval_AgentChatLogprobs_20260311_164050_482,HumanEval_98,0,1,1281,-0.05204956695188094,0.0,0.22134379500271031,-2.9763543605804443,-0.07888972759246826,-0.0002402951940894127,0.9648350886197953,1.0,0.050978344168642116,0.06696906381289428,1.3011124755033034e-08,1.3624461023520387,0.9133489461358314,0.02966432474629196,1.0534279564321383,-66.67549526535949,-0.49869580060476437,-0.8433364778757095,-1.7584077914555867,85,3,0,0.0663544106167057,0.00234192037470726,0.0
human_eval_AgentChatLogprobs_20260311_164050_482,HumanEval_99,0,1,3059,-0.08752692653447675,0.0,0.3083387978715511,-2.9917752742767334,-0.19191200137138364,-0.004533089231699705,0.9444357559999406,1.0,0.05019824192677334,0.10384504019190377,1.021687763216105e-06,1.6483346204686262,0.8682576005230468,0.042824452435436415,1.0914716535963869,-267.74486826896435,-0.7882733128598479,-1.2439915471171077,-2.238855254650116,302,33,3,0.09872507355344884,0.010787839163125205,0.0009807126511932004
human_eval_AgentChatLogprobs_20260311_164050_482,HumanEval_9,0,1,1396,-0.0677433454164901,0.0,0.2635606249493245,-2.979024648666382,-0.10661374032497406,-0.0006303909030975774,0.955906359740442,1.0,0.05084239889087466,0.08168493632476705,1.626642223652844e-09,1.2663913883569828,0.8997134670487106,0.03510028653295129,1.070090629566632,-94.5697102014202,-0.6429838331268846,-1.0399196122003638,-2.0334582053698025,111,12,0,0.07951289398280802,0.008595988538681949,0.0
