mode,task,trial,success,coder_turns,pass_turn,outcome,elapsed_time
Qwen3-4B-nothink,HumanEval_0,0,True,1,1,pass,2.55
Qwen3-4B-nothink,HumanEval_0,1,True,1,1,pass,2.43
Qwen3-4B-nothink,HumanEval_0,2,True,1,1,pass,2.38
Qwen3-4B-nothink,HumanEval_1,0,False,6,0,fail_after_6_turns,17.57
Qwen3-4B-nothink,HumanEval_1,1,True,5,5,pass,14.05
Qwen3-4B-nothink,HumanEval_1,2,True,2,2,pass,5.6
Qwen3-4B-nothink,HumanEval_10,0,True,1,1,pass,2.61
Qwen3-4B-nothink,HumanEval_10,1,True,1,1,pass,2.25
Qwen3-4B-nothink,HumanEval_10,2,True,2,2,pass,2.79
Qwen3-4B-nothink,HumanEval_100,0,True,1,1,pass,2.28
Qwen3-4B-nothink,HumanEval_100,1,True,1,1,pass,2.33
Qwen3-4B-nothink,HumanEval_100,2,True,1,1,pass,2.42
Qwen3-4B-nothink,HumanEval_101,0,True,1,1,pass,2.14
Qwen3-4B-nothink,HumanEval_101,1,True,2,2,pass,3.96
Qwen3-4B-nothink,HumanEval_101,2,True,2,2,pass,4.32
Qwen3-4B-nothink,HumanEval_102,0,True,3,3,pass,6.62
Qwen3-4B-nothink,HumanEval_102,1,True,2,2,pass,3.8
Qwen3-4B-nothink,HumanEval_102,2,True,3,3,pass,6.31
Qwen3-4B-nothink,HumanEval_103,0,True,1,1,pass,2.91
Qwen3-4B-nothink,HumanEval_103,1,True,1,1,pass,2.87
Qwen3-4B-nothink,HumanEval_103,2,True,1,1,pass,2.91
Qwen3-4B-nothink,HumanEval_104,0,True,1,1,pass,2.04
Qwen3-4B-nothink,HumanEval_104,1,True,1,1,pass,2.05
Qwen3-4B-nothink,HumanEval_104,2,True,1,1,pass,2.07
Qwen3-4B-nothink,HumanEval_105,0,True,1,1,pass,5.15
Qwen3-4B-nothink,HumanEval_105,1,True,1,1,pass,5.14
Qwen3-4B-nothink,HumanEval_105,2,True,1,1,pass,5.19
Qwen3-4B-nothink,HumanEval_106,0,True,1,1,pass,2.74
Qwen3-4B-nothink,HumanEval_106,1,True,1,1,pass,2.75
Qwen3-4B-nothink,HumanEval_106,2,True,1,1,pass,2.77
Qwen3-4B-nothink,HumanEval_107,0,True,1,1,pass,3.58
Qwen3-4B-nothink,HumanEval_107,1,True,1,1,pass,3.58
Qwen3-4B-nothink,HumanEval_107,2,True,1,1,pass,3.61
Qwen3-4B-nothink,HumanEval_108,0,False,6,0,fail_after_6_turns,22.27
Qwen3-4B-nothink,HumanEval_108,1,True,1,1,pass,3.34
Qwen3-4B-nothink,HumanEval_108,2,True,1,1,pass,3.41
Qwen3-4B-nothink,HumanEval_109,0,True,1,1,pass,4.63
Qwen3-4B-nothink,HumanEval_109,1,True,1,1,pass,5.03
Qwen3-4B-nothink,HumanEval_109,2,False,6,0,fail_after_6_turns,36.0
Qwen3-4B-nothink,HumanEval_11,0,True,1,1,pass,2.51
Qwen3-4B-nothink,HumanEval_11,1,True,1,1,pass,2.48
Qwen3-4B-nothink,HumanEval_11,2,True,1,1,pass,2.54
Qwen3-4B-nothink,HumanEval_110,0,True,2,2,pass,9.3
Qwen3-4B-nothink,HumanEval_110,1,True,2,2,pass,9.48
Qwen3-4B-nothink,HumanEval_110,2,True,2,2,pass,8.46
Qwen3-4B-nothink,HumanEval_111,0,True,1,1,pass,3.24
Qwen3-4B-nothink,HumanEval_111,1,True,1,1,pass,3.27
Qwen3-4B-nothink,HumanEval_111,2,True,1,1,pass,3.25
Qwen3-4B-nothink,HumanEval_112,0,True,1,1,pass,2.73
Qwen3-4B-nothink,HumanEval_112,1,True,1,1,pass,2.69
Qwen3-4B-nothink,HumanEval_112,2,True,1,1,pass,2.79
Qwen3-4B-nothink,HumanEval_113,0,True,2,2,pass,4.37
Qwen3-4B-nothink,HumanEval_113,1,False,6,0,fail_after_6_turns,15.58
Qwen3-4B-nothink,HumanEval_113,2,True,1,1,pass,2.13
Qwen3-4B-nothink,HumanEval_114,0,True,1,1,pass,1.76
Qwen3-4B-nothink,HumanEval_114,1,True,1,1,pass,1.76
Qwen3-4B-nothink,HumanEval_114,2,True,1,1,pass,1.82
Qwen3-4B-nothink,HumanEval_115,0,True,1,1,pass,4.42
Qwen3-4B-nothink,HumanEval_115,1,True,1,1,pass,4.41
Qwen3-4B-nothink,HumanEval_115,2,True,1,1,pass,4.47
Qwen3-4B-nothink,HumanEval_116,0,False,6,0,fail_after_6_turns,43.56
Qwen3-4B-nothink,HumanEval_116,1,False,6,0,fail_after_6_turns,25.28
Qwen3-4B-nothink,HumanEval_116,2,False,6,0,fail_after_6_turns,29.86
Qwen3-4B-nothink,HumanEval_117,0,True,1,1,pass,2.99
Qwen3-4B-nothink,HumanEval_117,1,True,1,1,pass,3.02
Qwen3-4B-nothink,HumanEval_117,2,True,1,1,pass,3.04
Qwen3-4B-nothink,HumanEval_118,0,True,1,1,pass,3.4
Qwen3-4B-nothink,HumanEval_118,1,True,1,1,pass,3.37
Qwen3-4B-nothink,HumanEval_118,2,True,1,1,pass,3.34
Qwen3-4B-nothink,HumanEval_119,0,True,1,1,pass,2.88
Qwen3-4B-nothink,HumanEval_119,1,True,1,1,pass,2.88
Qwen3-4B-nothink,HumanEval_119,2,True,1,1,pass,3.02
Qwen3-4B-nothink,HumanEval_12,0,True,1,1,pass,1.81
Qwen3-4B-nothink,HumanEval_12,1,True,1,1,pass,1.82
Qwen3-4B-nothink,HumanEval_12,2,True,1,1,pass,1.86
Qwen3-4B-nothink,HumanEval_120,0,True,1,1,pass,3.59
Qwen3-4B-nothink,HumanEval_120,1,True,1,1,pass,3.59
Qwen3-4B-nothink,HumanEval_120,2,True,3,3,pass,11.24
Qwen3-4B-nothink,HumanEval_121,0,True,4,4,pass,13.95
Qwen3-4B-nothink,HumanEval_121,1,True,1,1,pass,1.6
Qwen3-4B-nothink,HumanEval_121,2,True,1,1,pass,1.66
Qwen3-4B-nothink,HumanEval_122,0,True,1,1,pass,2.01
Qwen3-4B-nothink,HumanEval_122,1,True,1,1,pass,2.0
Qwen3-4B-nothink,HumanEval_122,2,True,1,1,pass,2.09
Qwen3-4B-nothink,HumanEval_123,0,True,1,1,pass,3.94
Qwen3-4B-nothink,HumanEval_123,1,True,1,1,pass,4.07
Qwen3-4B-nothink,HumanEval_123,2,True,1,1,pass,4.08
Qwen3-4B-nothink,HumanEval_124,0,True,1,1,pass,6.92
Qwen3-4B-nothink,HumanEval_124,1,True,1,1,pass,3.47
Qwen3-4B-nothink,HumanEval_124,2,True,1,1,pass,3.12
Qwen3-4B-nothink,HumanEval_125,0,False,6,0,fail_after_6_turns,22.11
Qwen3-4B-nothink,HumanEval_125,1,False,6,0,fail_after_6_turns,19.87
Qwen3-4B-nothink,HumanEval_125,2,False,6,0,fail_after_6_turns,23.56
Qwen3-4B-nothink,HumanEval_126,0,True,1,1,pass,4.59
Qwen3-4B-nothink,HumanEval_126,1,True,1,1,pass,4.84
Qwen3-4B-nothink,HumanEval_126,2,True,2,2,pass,9.06
Qwen3-4B-nothink,HumanEval_127,0,False,6,0,fail_after_6_turns,29.06
Qwen3-4B-nothink,HumanEval_127,1,False,6,0,fail_after_6_turns,37.44
Qwen3-4B-nothink,HumanEval_127,2,False,6,0,fail_after_6_turns,21.29
Qwen3-4B-nothink,HumanEval_128,0,True,1,1,pass,2.52
Qwen3-4B-nothink,HumanEval_128,1,True,1,1,pass,2.51
Qwen3-4B-nothink,HumanEval_128,2,True,1,1,pass,2.58
Qwen3-4B-nothink,HumanEval_129,0,True,2,2,pass,20.28
Qwen3-4B-nothink,HumanEval_129,1,True,1,1,pass,10.37
Qwen3-4B-nothink,HumanEval_129,2,True,1,1,pass,8.77
Qwen3-4B-nothink,HumanEval_13,0,True,1,1,pass,1.93
Qwen3-4B-nothink,HumanEval_13,1,True,1,1,pass,1.57
Qwen3-4B-nothink,HumanEval_13,2,True,1,1,pass,1.61
Qwen3-4B-nothink,HumanEval_130,0,False,6,0,fail_after_6_turns,26.85
Qwen3-4B-nothink,HumanEval_130,1,False,6,0,fail_after_6_turns,31.26
Qwen3-4B-nothink,HumanEval_130,2,False,6,0,fail_after_6_turns,40.03
Qwen3-4B-nothink,HumanEval_131,0,True,1,1,pass,1.72
Qwen3-4B-nothink,HumanEval_131,1,True,1,1,pass,1.72
Qwen3-4B-nothink,HumanEval_131,2,True,1,1,pass,1.75
Qwen3-4B-nothink,HumanEval_132,0,False,6,0,fail_after_6_turns,19.51
Qwen3-4B-nothink,HumanEval_132,1,False,6,0,fail_after_6_turns,21.77
Qwen3-4B-nothink,HumanEval_132,2,False,6,0,fail_after_6_turns,20.82
Qwen3-4B-nothink,HumanEval_133,0,True,2,2,pass,4.77
Qwen3-4B-nothink,HumanEval_133,1,True,2,2,pass,4.76
Qwen3-4B-nothink,HumanEval_133,2,True,2,2,pass,7.07
Qwen3-4B-nothink,HumanEval_134,0,True,1,1,pass,3.03
Qwen3-4B-nothink,HumanEval_134,1,True,1,1,pass,3.0
Qwen3-4B-nothink,HumanEval_134,2,True,1,1,pass,2.9
Qwen3-4B-nothink,HumanEval_135,0,True,2,2,pass,4.36
Qwen3-4B-nothink,HumanEval_135,1,True,3,3,pass,5.93
Qwen3-4B-nothink,HumanEval_135,2,False,6,0,fail_after_6_turns,12.18
Qwen3-4B-nothink,HumanEval_136,0,True,1,1,pass,2.44
Qwen3-4B-nothink,HumanEval_136,1,True,1,1,pass,2.5
Qwen3-4B-nothink,HumanEval_136,2,True,1,1,pass,2.51
Qwen3-4B-nothink,HumanEval_137,0,True,2,2,pass,4.67
Qwen3-4B-nothink,HumanEval_137,1,True,2,2,pass,5.7
Qwen3-4B-nothink,HumanEval_137,2,True,1,1,pass,2.54
Qwen3-4B-nothink,HumanEval_138,0,True,1,1,pass,2.21
Qwen3-4B-nothink,HumanEval_138,1,True,2,2,pass,7.3
Qwen3-4B-nothink,HumanEval_138,2,True,1,1,pass,2.55
Qwen3-4B-nothink,HumanEval_139,0,True,2,2,pass,3.71
Qwen3-4B-nothink,HumanEval_139,1,True,2,2,pass,4.14
Qwen3-4B-nothink,HumanEval_139,2,True,2,2,pass,4.24
Qwen3-4B-nothink,HumanEval_14,0,True,1,1,pass,1.17
Qwen3-4B-nothink,HumanEval_14,1,True,1,1,pass,1.18
Qwen3-4B-nothink,HumanEval_14,2,True,1,1,pass,1.18
Qwen3-4B-nothink,HumanEval_140,0,True,2,2,pass,4.2
Qwen3-4B-nothink,HumanEval_140,1,True,2,2,pass,4.22
Qwen3-4B-nothink,HumanEval_140,2,True,2,2,pass,6.99
Qwen3-4B-nothink,HumanEval_141,0,True,1,1,pass,4.51
Qwen3-4B-nothink,HumanEval_141,1,True,1,1,pass,4.41
Qwen3-4B-nothink,HumanEval_141,2,True,1,1,pass,4.47
Qwen3-4B-nothink,HumanEval_142,0,False,6,0,fail_after_6_turns,21.52
Qwen3-4B-nothink,HumanEval_142,1,False,6,0,fail_after_6_turns,17.71
Qwen3-4B-nothink,HumanEval_142,2,False,6,0,fail_after_6_turns,24.53
Qwen3-4B-nothink,HumanEval_143,0,True,1,1,pass,3.23
Qwen3-4B-nothink,HumanEval_143,1,True,1,1,pass,3.65
Qwen3-4B-nothink,HumanEval_143,2,True,1,1,pass,3.25
Qwen3-4B-nothink,HumanEval_144,0,True,1,1,pass,2.4
Qwen3-4B-nothink,HumanEval_144,1,True,1,1,pass,2.41
Qwen3-4B-nothink,HumanEval_144,2,True,1,1,pass,2.45
Qwen3-4B-nothink,HumanEval_145,0,False,6,0,fail_after_6_turns,16.88
Qwen3-4B-nothink,HumanEval_145,1,False,6,0,fail_after_6_turns,17.9
Qwen3-4B-nothink,HumanEval_145,2,False,6,0,fail_after_6_turns,17.01
Qwen3-4B-nothink,HumanEval_146,0,True,1,1,pass,2.9
Qwen3-4B-nothink,HumanEval_146,1,True,2,2,pass,6.23
Qwen3-4B-nothink,HumanEval_146,2,True,2,2,pass,6.39
Qwen3-4B-nothink,HumanEval_147,0,True,1,1,pass,6.9
Qwen3-4B-nothink,HumanEval_147,1,True,1,1,pass,6.98
Qwen3-4B-nothink,HumanEval_147,2,True,1,1,pass,7.36
Qwen3-4B-nothink,HumanEval_148,0,True,1,1,pass,3.79
Qwen3-4B-nothink,HumanEval_148,1,True,1,1,pass,3.84
Qwen3-4B-nothink,HumanEval_148,2,True,1,1,pass,4.21
Qwen3-4B-nothink,HumanEval_149,0,True,1,1,pass,2.95
Qwen3-4B-nothink,HumanEval_149,1,True,1,1,pass,2.93
Qwen3-4B-nothink,HumanEval_149,2,True,1,1,pass,2.92
Qwen3-4B-nothink,HumanEval_15,0,True,1,1,pass,1.19
Qwen3-4B-nothink,HumanEval_15,1,True,1,1,pass,1.19
Qwen3-4B-nothink,HumanEval_15,2,True,1,1,pass,1.24
Qwen3-4B-nothink,HumanEval_150,0,True,1,1,pass,2.48
Qwen3-4B-nothink,HumanEval_150,1,True,1,1,pass,2.48
Qwen3-4B-nothink,HumanEval_150,2,True,1,1,pass,2.47
Qwen3-4B-nothink,HumanEval_151,0,True,1,1,pass,2.31
Qwen3-4B-nothink,HumanEval_151,1,True,1,1,pass,2.51
Qwen3-4B-nothink,HumanEval_151,2,True,1,1,pass,2.5
Qwen3-4B-nothink,HumanEval_152,0,True,1,1,pass,2.95
Qwen3-4B-nothink,HumanEval_152,1,True,1,1,pass,2.94
Qwen3-4B-nothink,HumanEval_152,2,True,1,1,pass,2.92
Qwen3-4B-nothink,HumanEval_153,0,False,6,0,fail_after_6_turns,27.08
Qwen3-4B-nothink,HumanEval_153,1,True,1,1,pass,4.3
Qwen3-4B-nothink,HumanEval_153,2,True,1,1,pass,4.3
Qwen3-4B-nothink,HumanEval_154,0,True,1,1,pass,1.59
Qwen3-4B-nothink,HumanEval_154,1,True,1,1,pass,1.44
Qwen3-4B-nothink,HumanEval_154,2,True,1,1,pass,1.49
Qwen3-4B-nothink,HumanEval_155,0,True,1,1,pass,1.97
Qwen3-4B-nothink,HumanEval_155,1,True,1,1,pass,2.03
Qwen3-4B-nothink,HumanEval_155,2,True,1,1,pass,2.0
Qwen3-4B-nothink,HumanEval_156,0,True,1,1,pass,2.89
Qwen3-4B-nothink,HumanEval_156,1,True,1,1,pass,2.9
Qwen3-4B-nothink,HumanEval_156,2,True,1,1,pass,2.89
Qwen3-4B-nothink,HumanEval_157,0,True,1,1,pass,2.16
Qwen3-4B-nothink,HumanEval_157,1,True,1,1,pass,2.17
Qwen3-4B-nothink,HumanEval_157,2,True,1,1,pass,2.12
Qwen3-4B-nothink,HumanEval_158,0,True,1,1,pass,2.4
Qwen3-4B-nothink,HumanEval_158,1,True,1,1,pass,2.39
Qwen3-4B-nothink,HumanEval_158,2,True,1,1,pass,2.39
Qwen3-4B-nothink,HumanEval_159,0,False,2,0,fail_before_6_turns,555.5465292930603
Qwen3-4B-nothink,HumanEval_159,1,False,6,0,fail_after_6_turns,36.57
Qwen3-4B-nothink,HumanEval_159,2,True,3,3,pass,17.78
Qwen3-4B-nothink,HumanEval_16,0,True,1,1,pass,1.64
Qwen3-4B-nothink,HumanEval_16,1,True,1,1,pass,1.63
Qwen3-4B-nothink,HumanEval_16,2,True,1,1,pass,1.63
Qwen3-4B-nothink,HumanEval_160,0,True,1,1,pass,3.1
Qwen3-4B-nothink,HumanEval_160,1,True,4,4,pass,17.39
Qwen3-4B-nothink,HumanEval_160,2,True,1,1,pass,3.03
Qwen3-4B-nothink,HumanEval_161,0,True,1,1,pass,2.76
Qwen3-4B-nothink,HumanEval_161,1,True,1,1,pass,2.76
Qwen3-4B-nothink,HumanEval_161,2,True,1,1,pass,2.73
Qwen3-4B-nothink,HumanEval_162,0,True,1,1,pass,1.52
Qwen3-4B-nothink,HumanEval_162,1,True,1,1,pass,1.49
Qwen3-4B-nothink,HumanEval_162,2,True,1,1,pass,1.5
Qwen3-4B-nothink,HumanEval_163,0,False,6,0,fail_after_6_turns,20.71
Qwen3-4B-nothink,HumanEval_163,1,True,4,4,pass,14.51
Qwen3-4B-nothink,HumanEval_163,2,False,6,0,fail_after_6_turns,17.72
Qwen3-4B-nothink,HumanEval_17,0,True,1,1,pass,3.11
Qwen3-4B-nothink,HumanEval_17,1,True,1,1,pass,3.15
Qwen3-4B-nothink,HumanEval_17,2,True,1,1,pass,3.43
Qwen3-4B-nothink,HumanEval_18,0,True,1,1,pass,1.86
Qwen3-4B-nothink,HumanEval_18,1,True,1,1,pass,1.94
Qwen3-4B-nothink,HumanEval_18,2,True,1,1,pass,1.88
Qwen3-4B-nothink,HumanEval_19,0,True,1,1,pass,3.09
Qwen3-4B-nothink,HumanEval_19,1,False,6,0,fail_after_6_turns,23.16
Qwen3-4B-nothink,HumanEval_19,2,True,2,2,pass,7.26
Qwen3-4B-nothink,HumanEval_2,0,True,1,1,pass,1.36
Qwen3-4B-nothink,HumanEval_2,1,True,1,1,pass,1.27
Qwen3-4B-nothink,HumanEval_2,2,True,1,1,pass,1.3
Qwen3-4B-nothink,HumanEval_20,0,True,1,1,pass,3.47
Qwen3-4B-nothink,HumanEval_20,1,True,1,1,pass,3.54
Qwen3-4B-nothink,HumanEval_20,2,True,1,1,pass,3.68
Qwen3-4B-nothink,HumanEval_21,0,True,1,1,pass,2.01
Qwen3-4B-nothink,HumanEval_21,1,True,1,1,pass,2.0
Qwen3-4B-nothink,HumanEval_21,2,True,1,1,pass,2.01
Qwen3-4B-nothink,HumanEval_22,0,True,1,1,pass,1.44
Qwen3-4B-nothink,HumanEval_22,1,True,1,1,pass,1.44
Qwen3-4B-nothink,HumanEval_22,2,True,1,1,pass,1.44
Qwen3-4B-nothink,HumanEval_23,0,True,1,1,pass,0.84
Qwen3-4B-nothink,HumanEval_23,1,True,1,1,pass,0.82
Qwen3-4B-nothink,HumanEval_23,2,True,1,1,pass,0.86
Qwen3-4B-nothink,HumanEval_24,0,True,1,1,pass,1.68
Qwen3-4B-nothink,HumanEval_24,1,True,1,1,pass,1.72
Qwen3-4B-nothink,HumanEval_24,2,True,1,1,pass,1.66
Qwen3-4B-nothink,HumanEval_25,0,True,1,1,pass,2.98
Qwen3-4B-nothink,HumanEval_25,1,True,1,1,pass,2.99
Qwen3-4B-nothink,HumanEval_25,2,True,1,1,pass,2.99
Qwen3-4B-nothink,HumanEval_26,0,False,6,0,fail_after_6_turns,12.71
Qwen3-4B-nothink,HumanEval_26,1,False,6,0,fail_after_6_turns,15.5
Qwen3-4B-nothink,HumanEval_26,2,False,6,0,fail_after_6_turns,12.25
Qwen3-4B-nothink,HumanEval_27,0,True,1,1,pass,0.89
Qwen3-4B-nothink,HumanEval_27,1,True,1,1,pass,0.9
Qwen3-4B-nothink,HumanEval_27,2,True,1,1,pass,0.88
Qwen3-4B-nothink,HumanEval_28,0,True,1,1,pass,0.98
Qwen3-4B-nothink,HumanEval_28,1,True,1,1,pass,1.0
Qwen3-4B-nothink,HumanEval_28,2,True,1,1,pass,0.97
Qwen3-4B-nothink,HumanEval_29,0,True,1,1,pass,1.37
Qwen3-4B-nothink,HumanEval_29,1,True,1,1,pass,1.41
Qwen3-4B-nothink,HumanEval_29,2,True,1,1,pass,1.39
Qwen3-4B-nothink,HumanEval_3,0,True,1,1,pass,1.56
Qwen3-4B-nothink,HumanEval_3,1,True,1,1,pass,1.5
Qwen3-4B-nothink,HumanEval_3,2,True,1,1,pass,1.51
Qwen3-4B-nothink,HumanEval_30,0,True,1,1,pass,1.7
Qwen3-4B-nothink,HumanEval_30,1,True,1,1,pass,1.72
Qwen3-4B-nothink,HumanEval_30,2,True,1,1,pass,1.69
Qwen3-4B-nothink,HumanEval_31,0,True,1,1,pass,2.36
Qwen3-4B-nothink,HumanEval_31,1,True,1,1,pass,2.21
Qwen3-4B-nothink,HumanEval_31,2,True,1,1,pass,2.39
Qwen3-4B-nothink,HumanEval_32,0,False,6,0,fail_after_6_turns,39.86
Qwen3-4B-nothink,HumanEval_32,1,False,6,0,fail_after_6_turns,41.12
Qwen3-4B-nothink,HumanEval_32,2,False,6,0,fail_after_6_turns,43.27
Qwen3-4B-nothink,HumanEval_33,0,True,1,1,pass,3.19
Qwen3-4B-nothink,HumanEval_33,1,True,1,1,pass,3.13
Qwen3-4B-nothink,HumanEval_33,2,True,1,1,pass,3.14
Qwen3-4B-nothink,HumanEval_34,0,True,1,1,pass,1.24
Qwen3-4B-nothink,HumanEval_34,1,True,1,1,pass,1.22
Qwen3-4B-nothink,HumanEval_34,2,True,1,1,pass,1.21
Qwen3-4B-nothink,HumanEval_35,0,True,1,1,pass,1.69
Qwen3-4B-nothink,HumanEval_35,1,True,1,1,pass,1.29
Qwen3-4B-nothink,HumanEval_35,2,True,1,1,pass,1.29
Qwen3-4B-nothink,HumanEval_36,0,False,6,0,fail_after_6_turns,31.88
Qwen3-4B-nothink,HumanEval_36,1,True,1,1,pass,1.89
Qwen3-4B-nothink,HumanEval_36,2,False,6,0,fail_after_6_turns,14.1
Qwen3-4B-nothink,HumanEval_37,0,True,1,1,pass,2.76
Qwen3-4B-nothink,HumanEval_37,1,True,1,1,pass,2.82
Qwen3-4B-nothink,HumanEval_37,2,True,1,1,pass,2.9
Qwen3-4B-nothink,HumanEval_38,0,True,2,2,pass,5.32
Qwen3-4B-nothink,HumanEval_38,1,True,2,2,pass,5.36
Qwen3-4B-nothink,HumanEval_38,2,True,2,2,pass,5.57
Qwen3-4B-nothink,HumanEval_39,0,True,1,1,pass,2.67
Qwen3-4B-nothink,HumanEval_39,1,True,1,1,pass,2.66
Qwen3-4B-nothink,HumanEval_39,2,True,1,1,pass,2.67
Qwen3-4B-nothink,HumanEval_4,0,True,1,1,pass,2.33
Qwen3-4B-nothink,HumanEval_4,1,True,1,1,pass,2.12
Qwen3-4B-nothink,HumanEval_4,2,True,1,1,pass,2.31
Qwen3-4B-nothink,HumanEval_40,0,True,1,1,pass,3.63
Qwen3-4B-nothink,HumanEval_40,1,True,1,1,pass,3.65
Qwen3-4B-nothink,HumanEval_40,2,True,1,1,pass,3.69
Qwen3-4B-nothink,HumanEval_41,0,True,1,1,pass,2.02
Qwen3-4B-nothink,HumanEval_41,1,True,1,1,pass,1.99
Qwen3-4B-nothink,HumanEval_41,2,True,1,1,pass,1.97
Qwen3-4B-nothink,HumanEval_42,0,True,1,1,pass,1.63
Qwen3-4B-nothink,HumanEval_42,1,True,1,1,pass,1.62
Qwen3-4B-nothink,HumanEval_42,2,True,1,1,pass,1.83
Qwen3-4B-nothink,HumanEval_43,0,True,1,1,pass,2.32
Qwen3-4B-nothink,HumanEval_43,1,True,1,1,pass,2.28
Qwen3-4B-nothink,HumanEval_43,2,True,1,1,pass,2.3
Qwen3-4B-nothink,HumanEval_44,0,True,1,1,pass,1.85
Qwen3-4B-nothink,HumanEval_44,1,True,1,1,pass,1.85
Qwen3-4B-nothink,HumanEval_44,2,True,1,1,pass,1.85
Qwen3-4B-nothink,HumanEval_45,0,True,1,1,pass,0.92
Qwen3-4B-nothink,HumanEval_45,1,True,1,1,pass,0.92
Qwen3-4B-nothink,HumanEval_45,2,True,1,1,pass,0.93
Qwen3-4B-nothink,HumanEval_46,0,True,1,1,pass,3.55
Qwen3-4B-nothink,HumanEval_46,1,True,1,1,pass,3.57
Qwen3-4B-nothink,HumanEval_46,2,True,1,1,pass,3.53
Qwen3-4B-nothink,HumanEval_47,0,True,1,1,pass,1.74
Qwen3-4B-nothink,HumanEval_47,1,True,1,1,pass,1.75
Qwen3-4B-nothink,HumanEval_47,2,True,1,1,pass,1.75
Qwen3-4B-nothink,HumanEval_48,0,True,1,1,pass,1.18
Qwen3-4B-nothink,HumanEval_48,1,True,1,1,pass,1.18
Qwen3-4B-nothink,HumanEval_48,2,True,1,1,pass,1.2
Qwen3-4B-nothink,HumanEval_49,0,True,1,1,pass,2.07
Qwen3-4B-nothink,HumanEval_49,1,True,1,1,pass,2.03
Qwen3-4B-nothink,HumanEval_49,2,True,1,1,pass,2.12
Qwen3-4B-nothink,HumanEval_5,0,True,1,1,pass,1.75
Qwen3-4B-nothink,HumanEval_5,1,True,1,1,pass,1.69
Qwen3-4B-nothink,HumanEval_5,2,True,1,1,pass,1.7
Qwen3-4B-nothink,HumanEval_50,0,True,2,2,pass,3.52
Qwen3-4B-nothink,HumanEval_50,1,True,2,2,pass,3.13
Qwen3-4B-nothink,HumanEval_50,2,True,2,2,pass,3.46
Qwen3-4B-nothink,HumanEval_51,0,True,1,1,pass,1.88
Qwen3-4B-nothink,HumanEval_51,1,True,1,1,pass,1.87
Qwen3-4B-nothink,HumanEval_51,2,True,1,1,pass,1.92
Qwen3-4B-nothink,HumanEval_52,0,True,1,1,pass,1.37
Qwen3-4B-nothink,HumanEval_52,1,True,1,1,pass,1.35
Qwen3-4B-nothink,HumanEval_52,2,True,1,1,pass,1.38
Qwen3-4B-nothink,HumanEval_53,0,True,1,1,pass,1.11
Qwen3-4B-nothink,HumanEval_53,1,True,1,1,pass,0.95
Qwen3-4B-nothink,HumanEval_53,2,True,1,1,pass,1.12
Qwen3-4B-nothink,HumanEval_54,0,True,2,2,pass,4.43
Qwen3-4B-nothink,HumanEval_54,1,False,6,0,fail_after_6_turns,15.96
Qwen3-4B-nothink,HumanEval_54,2,True,3,3,pass,8.64
Qwen3-4B-nothink,HumanEval_55,0,True,1,1,pass,1.33
Qwen3-4B-nothink,HumanEval_55,1,True,1,1,pass,1.3
Qwen3-4B-nothink,HumanEval_55,2,True,1,1,pass,1.33
Qwen3-4B-nothink,HumanEval_56,0,True,1,1,pass,1.87
Qwen3-4B-nothink,HumanEval_56,1,True,1,1,pass,1.86
Qwen3-4B-nothink,HumanEval_56,2,True,1,1,pass,1.88
Qwen3-4B-nothink,HumanEval_57,0,True,1,1,pass,1.84
Qwen3-4B-nothink,HumanEval_57,1,True,1,1,pass,1.81
Qwen3-4B-nothink,HumanEval_57,2,True,1,1,pass,1.82
Qwen3-4B-nothink,HumanEval_58,0,True,1,1,pass,2.3
Qwen3-4B-nothink,HumanEval_58,1,True,1,1,pass,2.3
Qwen3-4B-nothink,HumanEval_58,2,True,1,1,pass,2.31
Qwen3-4B-nothink,HumanEval_59,0,True,1,1,pass,2.26
Qwen3-4B-nothink,HumanEval_59,1,True,1,1,pass,2.05
Qwen3-4B-nothink,HumanEval_59,2,True,1,1,pass,2.41
Qwen3-4B-nothink,HumanEval_6,0,True,1,1,pass,2.33
Qwen3-4B-nothink,HumanEval_6,1,True,1,1,pass,2.25
Qwen3-4B-nothink,HumanEval_6,2,True,1,1,pass,2.25
Qwen3-4B-nothink,HumanEval_60,0,True,1,1,pass,1.88
Qwen3-4B-nothink,HumanEval_60,1,True,1,1,pass,1.57
Qwen3-4B-nothink,HumanEval_60,2,True,1,1,pass,1.59
Qwen3-4B-nothink,HumanEval_61,0,True,1,1,pass,1.84
Qwen3-4B-nothink,HumanEval_61,1,True,1,1,pass,1.84
Qwen3-4B-nothink,HumanEval_61,2,True,1,1,pass,1.87
Qwen3-4B-nothink,HumanEval_62,0,True,1,1,pass,1.7
Qwen3-4B-nothink,HumanEval_62,1,True,1,1,pass,1.65
Qwen3-4B-nothink,HumanEval_62,2,True,1,1,pass,1.66
Qwen3-4B-nothink,HumanEval_63,0,True,1,1,pass,2.79
Qwen3-4B-nothink,HumanEval_63,1,True,1,1,pass,2.78
Qwen3-4B-nothink,HumanEval_63,2,True,1,1,pass,2.79
Qwen3-4B-nothink,HumanEval_64,0,True,1,1,pass,2.25
Qwen3-4B-nothink,HumanEval_64,1,True,1,1,pass,2.22
Qwen3-4B-nothink,HumanEval_64,2,True,2,2,pass,5.48
Qwen3-4B-nothink,HumanEval_65,0,True,1,1,pass,2.29
Qwen3-4B-nothink,HumanEval_65,1,True,1,1,pass,2.26
Qwen3-4B-nothink,HumanEval_65,2,True,1,1,pass,2.28
Qwen3-4B-nothink,HumanEval_66,0,True,1,1,pass,1.75
Qwen3-4B-nothink,HumanEval_66,1,True,1,1,pass,1.73
Qwen3-4B-nothink,HumanEval_66,2,True,1,1,pass,1.76
Qwen3-4B-nothink,HumanEval_67,0,True,1,1,pass,3.42
Qwen3-4B-nothink,HumanEval_67,1,True,1,1,pass,3.44
Qwen3-4B-nothink,HumanEval_67,2,True,1,1,pass,3.41
Qwen3-4B-nothink,HumanEval_68,0,True,1,1,pass,4.63
Qwen3-4B-nothink,HumanEval_68,1,True,1,1,pass,4.63
Qwen3-4B-nothink,HumanEval_68,2,True,1,1,pass,4.64
Qwen3-4B-nothink,HumanEval_69,0,True,1,1,pass,2.88
Qwen3-4B-nothink,HumanEval_69,1,True,1,1,pass,2.95
Qwen3-4B-nothink,HumanEval_69,2,True,1,1,pass,2.99
Qwen3-4B-nothink,HumanEval_7,0,True,1,1,pass,1.48
Qwen3-4B-nothink,HumanEval_7,1,True,1,1,pass,1.52
Qwen3-4B-nothink,HumanEval_7,2,True,1,1,pass,1.45
Qwen3-4B-nothink,HumanEval_70,0,True,1,1,pass,2.55
Qwen3-4B-nothink,HumanEval_70,1,True,1,1,pass,2.66
Qwen3-4B-nothink,HumanEval_70,2,True,1,1,pass,2.5
Qwen3-4B-nothink,HumanEval_71,0,True,1,1,pass,3.04
Qwen3-4B-nothink,HumanEval_71,1,True,1,1,pass,2.66
Qwen3-4B-nothink,HumanEval_71,2,True,1,1,pass,3.09
Qwen3-4B-nothink,HumanEval_72,0,True,1,1,pass,3.56
Qwen3-4B-nothink,HumanEval_72,1,True,1,1,pass,3.47
Qwen3-4B-nothink,HumanEval_72,2,True,1,1,pass,3.49
Qwen3-4B-nothink,HumanEval_73,0,True,1,1,pass,2.92
Qwen3-4B-nothink,HumanEval_73,1,True,1,1,pass,2.58
Qwen3-4B-nothink,HumanEval_73,2,True,1,1,pass,3.1
Qwen3-4B-nothink,HumanEval_74,0,True,1,1,pass,3.17
Qwen3-4B-nothink,HumanEval_74,1,True,1,1,pass,3.19
Qwen3-4B-nothink,HumanEval_74,2,True,1,1,pass,3.18
Qwen3-4B-nothink,HumanEval_75,0,True,1,1,pass,3.16
Qwen3-4B-nothink,HumanEval_75,1,True,1,1,pass,3.06
Qwen3-4B-nothink,HumanEval_75,2,False,6,0,fail_after_6_turns,22.58
Qwen3-4B-nothink,HumanEval_76,0,True,1,1,pass,1.44
Qwen3-4B-nothink,HumanEval_76,1,True,1,1,pass,1.39
Qwen3-4B-nothink,HumanEval_76,2,True,1,1,pass,1.43
Qwen3-4B-nothink,HumanEval_77,0,True,2,2,pass,5.21
Qwen3-4B-nothink,HumanEval_77,1,True,2,2,pass,5.14
Qwen3-4B-nothink,HumanEval_77,2,True,2,2,pass,5.01
Qwen3-4B-nothink,HumanEval_78,0,True,1,1,pass,4.05
Qwen3-4B-nothink,HumanEval_78,1,True,1,1,pass,4.3
Qwen3-4B-nothink,HumanEval_78,2,True,1,1,pass,4.03
Qwen3-4B-nothink,HumanEval_79,0,True,1,1,pass,2.41
Qwen3-4B-nothink,HumanEval_79,1,True,1,1,pass,2.56
Qwen3-4B-nothink,HumanEval_79,2,True,1,1,pass,2.57
Qwen3-4B-nothink,HumanEval_8,0,True,1,1,pass,1.93
Qwen3-4B-nothink,HumanEval_8,1,True,1,1,pass,1.85
Qwen3-4B-nothink,HumanEval_8,2,True,1,1,pass,1.86
Qwen3-4B-nothink,HumanEval_80,0,True,1,1,pass,1.51
Qwen3-4B-nothink,HumanEval_80,1,True,1,1,pass,2.27
Qwen3-4B-nothink,HumanEval_80,2,True,1,1,pass,2.28
Qwen3-4B-nothink,HumanEval_81,0,True,2,2,pass,12.52
Qwen3-4B-nothink,HumanEval_81,1,True,3,3,pass,13.29
Qwen3-4B-nothink,HumanEval_81,2,False,6,0,fail_after_6_turns,23.13
Qwen3-4B-nothink,HumanEval_82,0,True,1,1,pass,2.26
Qwen3-4B-nothink,HumanEval_82,1,True,1,1,pass,2.28
Qwen3-4B-nothink,HumanEval_82,2,True,1,1,pass,2.28
Qwen3-4B-nothink,HumanEval_83,0,True,1,1,pass,3.37
Qwen3-4B-nothink,HumanEval_83,1,False,6,0,fail_after_6_turns,27.66
Qwen3-4B-nothink,HumanEval_83,2,True,5,5,pass,16.77
Qwen3-4B-nothink,HumanEval_84,0,True,1,1,pass,2.36
Qwen3-4B-nothink,HumanEval_84,1,True,1,1,pass,2.35
Qwen3-4B-nothink,HumanEval_84,2,True,1,1,pass,2.35
Qwen3-4B-nothink,HumanEval_85,0,True,1,1,pass,1.34
Qwen3-4B-nothink,HumanEval_85,1,True,1,1,pass,1.35
Qwen3-4B-nothink,HumanEval_85,2,True,1,1,pass,1.38
Qwen3-4B-nothink,HumanEval_86,0,True,1,1,pass,2.43
Qwen3-4B-nothink,HumanEval_86,1,True,1,1,pass,2.41
Qwen3-4B-nothink,HumanEval_86,2,True,1,1,pass,2.41
Qwen3-4B-nothink,HumanEval_87,0,True,1,1,pass,3.85
Qwen3-4B-nothink,HumanEval_87,1,True,1,1,pass,3.84
Qwen3-4B-nothink,HumanEval_87,2,True,1,1,pass,3.86
Qwen3-4B-nothink,HumanEval_88,0,True,1,1,pass,3.8
Qwen3-4B-nothink,HumanEval_88,1,True,1,1,pass,3.96
Qwen3-4B-nothink,HumanEval_88,2,True,1,1,pass,3.79
Qwen3-4B-nothink,HumanEval_89,0,False,6,0,fail_after_6_turns,18.98
Qwen3-4B-nothink,HumanEval_89,1,True,4,4,pass,12.41
Qwen3-4B-nothink,HumanEval_89,2,False,6,0,fail_after_6_turns,20.98
Qwen3-4B-nothink,HumanEval_9,0,True,1,1,pass,2.13
Qwen3-4B-nothink,HumanEval_9,1,True,1,1,pass,2.0
Qwen3-4B-nothink,HumanEval_9,2,True,1,1,pass,2.01
Qwen3-4B-nothink,HumanEval_90,0,True,1,1,pass,2.31
Qwen3-4B-nothink,HumanEval_90,1,True,1,1,pass,2.26
Qwen3-4B-nothink,HumanEval_90,2,True,2,2,pass,5.68
Qwen3-4B-nothink,HumanEval_91,0,False,6,0,fail_after_6_turns,16.38
Qwen3-4B-nothink,HumanEval_91,1,False,6,0,fail_after_6_turns,16.03
Qwen3-4B-nothink,HumanEval_91,2,False,6,0,fail_after_6_turns,16.9
Qwen3-4B-nothink,HumanEval_92,0,True,1,1,pass,2.43
Qwen3-4B-nothink,HumanEval_92,1,True,1,1,pass,2.44
Qwen3-4B-nothink,HumanEval_92,2,True,1,1,pass,2.56
Qwen3-4B-nothink,HumanEval_93,0,True,1,1,pass,3.99
Qwen3-4B-nothink,HumanEval_93,1,False,6,0,fail_after_6_turns,23.21
Qwen3-4B-nothink,HumanEval_93,2,False,6,0,fail_after_6_turns,20.86
Qwen3-4B-nothink,HumanEval_94,0,True,1,1,pass,2.43
Qwen3-4B-nothink,HumanEval_94,1,True,1,1,pass,2.44
Qwen3-4B-nothink,HumanEval_94,2,True,1,1,pass,2.43
Qwen3-4B-nothink,HumanEval_95,0,True,2,2,pass,6.2
Qwen3-4B-nothink,HumanEval_95,1,True,2,2,pass,6.63
Qwen3-4B-nothink,HumanEval_95,2,True,2,2,pass,6.6
Qwen3-4B-nothink,HumanEval_96,0,True,1,1,pass,2.98
Qwen3-4B-nothink,HumanEval_96,1,True,1,1,pass,3.02
Qwen3-4B-nothink,HumanEval_96,2,False,6,0,fail_after_6_turns,319.72
Qwen3-4B-nothink,HumanEval_97,0,True,1,1,pass,2.05
Qwen3-4B-nothink,HumanEval_97,1,True,1,1,pass,2.08
Qwen3-4B-nothink,HumanEval_97,2,True,1,1,pass,2.15
Qwen3-4B-nothink,HumanEval_98,0,True,1,1,pass,1.65
Qwen3-4B-nothink,HumanEval_98,1,True,1,1,pass,1.8
Qwen3-4B-nothink,HumanEval_98,2,True,1,1,pass,1.8
Qwen3-4B-nothink,HumanEval_99,0,True,1,1,pass,2.83
Qwen3-4B-nothink,HumanEval_99,1,True,1,1,pass,2.8
Qwen3-4B-nothink,HumanEval_99,2,True,1,1,pass,3.15
Qwen3-4B-think,HumanEval_0,0,True,1,1,pass,27.25
Qwen3-4B-think,HumanEval_0,1,True,1,1,pass,30.7
Qwen3-4B-think,HumanEval_0,2,True,1,1,pass,10.82
Qwen3-4B-think,HumanEval_0,3,True,1,1,pass,16.13
Qwen3-4B-think,HumanEval_0,4,True,1,1,pass,16.63
Qwen3-4B-think,HumanEval_1,0,True,1,1,pass,76.28
Qwen3-4B-think,HumanEval_1,1,True,1,1,pass,88.31
Qwen3-4B-think,HumanEval_1,2,False,1,0,fail_before_6_turns,557.8446757793427
Qwen3-4B-think,HumanEval_1,3,True,1,1,pass,42.96
Qwen3-4B-think,HumanEval_1,4,True,1,1,pass,123.08
Qwen3-4B-think,HumanEval_10,0,True,1,1,pass,18.18
Qwen3-4B-think,HumanEval_10,1,True,2,2,pass,70.46
Qwen3-4B-think,HumanEval_10,2,True,1,1,pass,16.9
Qwen3-4B-think,HumanEval_10,3,True,1,1,pass,16.53
Qwen3-4B-think,HumanEval_10,4,True,1,1,pass,21.29
Qwen3-4B-think,HumanEval_100,0,True,1,1,pass,16.57
Qwen3-4B-think,HumanEval_100,1,True,1,1,pass,13.31
Qwen3-4B-think,HumanEval_100,2,True,1,1,pass,16.3
Qwen3-4B-think,HumanEval_100,3,True,1,1,pass,25.44
Qwen3-4B-think,HumanEval_100,4,True,1,1,pass,20.19
Qwen3-4B-think,HumanEval_101,0,True,1,1,pass,18.33
Qwen3-4B-think,HumanEval_101,1,True,1,1,pass,12.71
Qwen3-4B-think,HumanEval_101,2,True,1,1,pass,11.99
Qwen3-4B-think,HumanEval_101,3,True,1,1,pass,10.26
Qwen3-4B-think,HumanEval_101,4,True,1,1,pass,24.64
Qwen3-4B-think,HumanEval_102,0,True,1,1,pass,49.04
Qwen3-4B-think,HumanEval_102,1,True,1,1,pass,29.58
Qwen3-4B-think,HumanEval_102,2,True,1,1,pass,64.84
Qwen3-4B-think,HumanEval_102,3,True,1,1,pass,17.07
Qwen3-4B-think,HumanEval_102,4,True,1,1,pass,21.6
Qwen3-4B-think,HumanEval_103,0,True,1,1,pass,37.08
Qwen3-4B-think,HumanEval_103,1,True,1,1,pass,18.53
Qwen3-4B-think,HumanEval_103,2,True,1,1,pass,27.52
Qwen3-4B-think,HumanEval_103,3,True,1,1,pass,22.64
Qwen3-4B-think,HumanEval_103,4,True,1,1,pass,24.15
Qwen3-4B-think,HumanEval_104,0,True,1,1,pass,13.48
Qwen3-4B-think,HumanEval_104,1,True,1,1,pass,12.25
Qwen3-4B-think,HumanEval_104,2,True,1,1,pass,13.92
Qwen3-4B-think,HumanEval_104,3,True,1,1,pass,15.97
Qwen3-4B-think,HumanEval_104,4,True,1,1,pass,11.01
Qwen3-4B-think,HumanEval_105,0,True,1,1,pass,16.77
Qwen3-4B-think,HumanEval_105,1,True,1,1,pass,14.63
Qwen3-4B-think,HumanEval_105,2,True,1,1,pass,20.66
Qwen3-4B-think,HumanEval_105,3,True,1,1,pass,60.13
Qwen3-4B-think,HumanEval_105,4,True,1,1,pass,22.21
Qwen3-4B-think,HumanEval_106,0,True,1,1,pass,14.17
Qwen3-4B-think,HumanEval_106,1,True,1,1,pass,22.52
Qwen3-4B-think,HumanEval_106,2,True,1,1,pass,15.18
Qwen3-4B-think,HumanEval_106,3,True,1,1,pass,20.25
Qwen3-4B-think,HumanEval_106,4,True,1,1,pass,16.81
Qwen3-4B-think,HumanEval_107,0,True,1,1,pass,14.83
Qwen3-4B-think,HumanEval_107,1,True,1,1,pass,11.98
Qwen3-4B-think,HumanEval_107,2,True,1,1,pass,11.35
Qwen3-4B-think,HumanEval_107,3,True,1,1,pass,14.42
Qwen3-4B-think,HumanEval_107,4,True,1,1,pass,11.65
Qwen3-4B-think,HumanEval_108,0,True,1,1,pass,88.0
Qwen3-4B-think,HumanEval_108,1,True,1,1,pass,24.7
Qwen3-4B-think,HumanEval_108,2,True,1,1,pass,38.11
Qwen3-4B-think,HumanEval_108,3,True,1,1,pass,43.63
Qwen3-4B-think,HumanEval_108,4,True,1,1,pass,29.69
Qwen3-4B-think,HumanEval_109,0,True,1,1,pass,31.81
Qwen3-4B-think,HumanEval_109,1,True,1,1,pass,59.64
Qwen3-4B-think,HumanEval_109,2,True,1,1,pass,22.47
Qwen3-4B-think,HumanEval_109,3,True,1,1,pass,85.85
Qwen3-4B-think,HumanEval_109,4,True,1,1,pass,40.0
Qwen3-4B-think,HumanEval_11,0,True,1,1,pass,17.2
Qwen3-4B-think,HumanEval_11,1,True,1,1,pass,22.27
Qwen3-4B-think,HumanEval_11,2,True,1,1,pass,19.01
Qwen3-4B-think,HumanEval_11,3,True,1,1,pass,24.55
Qwen3-4B-think,HumanEval_11,4,True,1,1,pass,12.76
Qwen3-4B-think,HumanEval_110,0,True,1,1,pass,17.77
Qwen3-4B-think,HumanEval_110,1,True,1,1,pass,17.84
Qwen3-4B-think,HumanEval_110,2,True,1,1,pass,21.01
Qwen3-4B-think,HumanEval_110,3,True,1,1,pass,22.59
Qwen3-4B-think,HumanEval_110,4,True,1,1,pass,14.72
Qwen3-4B-think,HumanEval_111,0,True,1,1,pass,18.76
Qwen3-4B-think,HumanEval_111,1,True,1,1,pass,13.35
Qwen3-4B-think,HumanEval_111,2,True,1,1,pass,25.87
Qwen3-4B-think,HumanEval_111,3,True,1,1,pass,65.84
Qwen3-4B-think,HumanEval_111,4,True,1,1,pass,13.66
Qwen3-4B-think,HumanEval_112,0,True,1,1,pass,13.78
Qwen3-4B-think,HumanEval_112,1,True,1,1,pass,13.64
Qwen3-4B-think,HumanEval_112,2,True,1,1,pass,11.36
Qwen3-4B-think,HumanEval_112,3,True,1,1,pass,12.45
Qwen3-4B-think,HumanEval_112,4,True,1,1,pass,12.17
Qwen3-4B-think,HumanEval_113,0,False,3,0,fail_before_6_turns,600.0748121738434
Qwen3-4B-think,HumanEval_113,1,True,1,1,pass,36.08
Qwen3-4B-think,HumanEval_113,2,True,1,1,pass,22.81
Qwen3-4B-think,HumanEval_113,3,False,6,0,fail_after_6_turns,353.17
Qwen3-4B-think,HumanEval_113,4,True,1,1,pass,67.39
Qwen3-4B-think,HumanEval_114,0,True,1,1,pass,14.56
Qwen3-4B-think,HumanEval_114,1,True,1,1,pass,14.93
Qwen3-4B-think,HumanEval_114,2,True,1,1,pass,19.91
Qwen3-4B-think,HumanEval_114,3,True,1,1,pass,18.71
Qwen3-4B-think,HumanEval_114,4,True,1,1,pass,14.52
Qwen3-4B-think,HumanEval_115,0,True,1,1,pass,12.82
Qwen3-4B-think,HumanEval_115,1,True,1,1,pass,43.57
Qwen3-4B-think,HumanEval_115,2,True,1,1,pass,14.98
Qwen3-4B-think,HumanEval_115,3,True,1,1,pass,19.64
Qwen3-4B-think,HumanEval_115,4,True,1,1,pass,15.16
Qwen3-4B-think,HumanEval_116,0,True,1,1,pass,102.5
Qwen3-4B-think,HumanEval_116,1,True,1,1,pass,121.8
Qwen3-4B-think,HumanEval_116,2,True,1,1,pass,96.59
Qwen3-4B-think,HumanEval_116,3,True,1,1,pass,100.94
Qwen3-4B-think,HumanEval_116,4,True,1,1,pass,124.5
Qwen3-4B-think,HumanEval_117,0,True,1,1,pass,21.32
Qwen3-4B-think,HumanEval_117,1,True,1,1,pass,20.35
Qwen3-4B-think,HumanEval_117,2,True,1,1,pass,25.61
Qwen3-4B-think,HumanEval_117,3,True,1,1,pass,18.8
Qwen3-4B-think,HumanEval_117,4,True,1,1,pass,21.56
Qwen3-4B-think,HumanEval_118,0,True,1,1,pass,45.29
Qwen3-4B-think,HumanEval_118,1,True,1,1,pass,72.46
Qwen3-4B-think,HumanEval_118,2,True,1,1,pass,65.58
Qwen3-4B-think,HumanEval_118,3,True,1,1,pass,77.42
Qwen3-4B-think,HumanEval_118,4,True,1,1,pass,65.29
Qwen3-4B-think,HumanEval_119,0,True,1,1,pass,103.84
Qwen3-4B-think,HumanEval_119,1,True,1,1,pass,93.1
Qwen3-4B-think,HumanEval_119,2,True,1,1,pass,86.91
Qwen3-4B-think,HumanEval_119,3,True,1,1,pass,38.84
Qwen3-4B-think,HumanEval_119,4,True,1,1,pass,99.06
Qwen3-4B-think,HumanEval_12,0,True,1,1,pass,7.46
Qwen3-4B-think,HumanEval_12,1,True,1,1,pass,24.78
Qwen3-4B-think,HumanEval_12,2,True,1,1,pass,11.97
Qwen3-4B-think,HumanEval_12,3,True,1,1,pass,25.53
Qwen3-4B-think,HumanEval_12,4,True,1,1,pass,11.4
Qwen3-4B-think,HumanEval_120,0,True,1,1,pass,17.36
Qwen3-4B-think,HumanEval_120,1,True,1,1,pass,23.17
Qwen3-4B-think,HumanEval_120,2,True,1,1,pass,17.49
Qwen3-4B-think,HumanEval_120,3,True,1,1,pass,15.17
Qwen3-4B-think,HumanEval_120,4,True,1,1,pass,18.74
Qwen3-4B-think,HumanEval_121,0,True,1,1,pass,10.82
Qwen3-4B-think,HumanEval_121,1,True,1,1,pass,10.32
Qwen3-4B-think,HumanEval_121,2,True,1,1,pass,11.76
Qwen3-4B-think,HumanEval_121,3,True,1,1,pass,10.61
Qwen3-4B-think,HumanEval_121,4,True,1,1,pass,10.49
Qwen3-4B-think,HumanEval_122,0,True,1,1,pass,10.11
Qwen3-4B-think,HumanEval_122,1,True,1,1,pass,14.81
Qwen3-4B-think,HumanEval_122,2,True,1,1,pass,13.76
Qwen3-4B-think,HumanEval_122,3,True,1,1,pass,14.24
Qwen3-4B-think,HumanEval_122,4,True,1,1,pass,13.33
Qwen3-4B-think,HumanEval_123,0,True,1,1,pass,32.96
Qwen3-4B-think,HumanEval_123,1,True,1,1,pass,17.48
Qwen3-4B-think,HumanEval_123,2,True,1,1,pass,29.41
Qwen3-4B-think,HumanEval_123,3,True,1,1,pass,21.08
Qwen3-4B-think,HumanEval_123,4,True,1,1,pass,30.68
Qwen3-4B-think,HumanEval_124,0,True,1,1,pass,24.72
Qwen3-4B-think,HumanEval_124,1,True,1,1,pass,32.42
Qwen3-4B-think,HumanEval_124,2,True,1,1,pass,37.5
Qwen3-4B-think,HumanEval_124,3,True,1,1,pass,32.12
Qwen3-4B-think,HumanEval_124,4,True,1,1,pass,32.76
Qwen3-4B-think,HumanEval_125,0,True,1,1,pass,21.83
Qwen3-4B-think,HumanEval_125,1,True,1,1,pass,26.5
Qwen3-4B-think,HumanEval_125,2,True,1,1,pass,14.15
Qwen3-4B-think,HumanEval_125,3,True,1,1,pass,19.01
Qwen3-4B-think,HumanEval_125,4,True,1,1,pass,18.68
Qwen3-4B-think,HumanEval_126,0,True,1,1,pass,64.54
Qwen3-4B-think,HumanEval_126,1,True,1,1,pass,69.37
Qwen3-4B-think,HumanEval_126,2,True,1,1,pass,49.79
Qwen3-4B-think,HumanEval_126,3,True,2,2,pass,136.91
Qwen3-4B-think,HumanEval_126,4,True,1,1,pass,95.88
Qwen3-4B-think,HumanEval_127,0,True,1,1,pass,36.04
Qwen3-4B-think,HumanEval_127,1,True,1,1,pass,25.21
Qwen3-4B-think,HumanEval_127,2,True,1,1,pass,23.54
Qwen3-4B-think,HumanEval_127,3,True,1,1,pass,32.58
Qwen3-4B-think,HumanEval_127,4,True,1,1,pass,33.71
Qwen3-4B-think,HumanEval_128,0,True,1,1,pass,17.1
Qwen3-4B-think,HumanEval_128,1,True,1,1,pass,21.02
Qwen3-4B-think,HumanEval_128,2,True,1,1,pass,19.2
Qwen3-4B-think,HumanEval_128,3,True,1,1,pass,19.86
Qwen3-4B-think,HumanEval_128,4,True,1,1,pass,19.53
Qwen3-4B-think,HumanEval_129,0,True,1,1,pass,77.43
Qwen3-4B-think,HumanEval_129,1,True,1,1,pass,51.87
Qwen3-4B-think,HumanEval_129,2,True,1,1,pass,118.13
Qwen3-4B-think,HumanEval_129,3,True,1,1,pass,84.43
Qwen3-4B-think,HumanEval_129,4,True,1,1,pass,73.24
Qwen3-4B-think,HumanEval_13,0,True,1,1,pass,13.01
Qwen3-4B-think,HumanEval_13,1,True,1,1,pass,17.04
Qwen3-4B-think,HumanEval_13,2,True,1,1,pass,15.15
Qwen3-4B-think,HumanEval_13,3,True,1,1,pass,15.89
Qwen3-4B-think,HumanEval_13,4,True,1,1,pass,13.77
Qwen3-4B-think,HumanEval_130,0,True,1,1,pass,56.57
Qwen3-4B-think,HumanEval_130,1,False,6,0,fail_after_6_turns,434.06
Qwen3-4B-think,HumanEval_130,2,True,1,1,pass,108.49
Qwen3-4B-think,HumanEval_130,3,True,1,1,pass,65.78
Qwen3-4B-think,HumanEval_130,4,True,1,1,pass,111.23
Qwen3-4B-think,HumanEval_131,0,True,2,2,pass,40.57
Qwen3-4B-think,HumanEval_131,1,True,1,1,pass,11.98
Qwen3-4B-think,HumanEval_131,2,True,2,2,pass,26.73
Qwen3-4B-think,HumanEval_131,3,True,1,1,pass,13.78
Qwen3-4B-think,HumanEval_131,4,True,2,2,pass,29.43
Qwen3-4B-think,HumanEval_132,0,False,6,0,fail_after_6_turns,274.38
Qwen3-4B-think,HumanEval_132,1,False,3,0,fail_before_6_turns,600.0722737312317
Qwen3-4B-think,HumanEval_132,2,True,2,2,pass,107.4
Qwen3-4B-think,HumanEval_132,3,False,4,0,fail_before_6_turns,600.0757474899292
Qwen3-4B-think,HumanEval_132,4,False,6,0,fail_after_6_turns,295.4
Qwen3-4B-think,HumanEval_133,0,True,1,1,pass,12.91
Qwen3-4B-think,HumanEval_133,1,True,1,1,pass,29.91
Qwen3-4B-think,HumanEval_133,2,True,1,1,pass,14.62
Qwen3-4B-think,HumanEval_133,3,True,1,1,pass,9.94
Qwen3-4B-think,HumanEval_133,4,True,1,1,pass,13.69
Qwen3-4B-think,HumanEval_134,0,False,1,0,fail_before_6_turns,557.8591861724854
Qwen3-4B-think,HumanEval_134,1,False,1,0,fail_before_6_turns,557.3032534122467
Qwen3-4B-think,HumanEval_134,2,False,1,0,fail_before_6_turns,557.2529487609863
Qwen3-4B-think,HumanEval_134,3,False,1,0,fail_before_6_turns,557.2117006778717
Qwen3-4B-think,HumanEval_134,4,False,1,0,fail_before_6_turns,557.3772296905518
Qwen3-4B-think,HumanEval_135,0,True,1,1,pass,15.95
Qwen3-4B-think,HumanEval_135,1,True,1,1,pass,12.29
Qwen3-4B-think,HumanEval_135,2,True,1,1,pass,11.51
Qwen3-4B-think,HumanEval_135,3,True,1,1,pass,13.96
Qwen3-4B-think,HumanEval_135,4,True,1,1,pass,12.41
Qwen3-4B-think,HumanEval_136,0,True,1,1,pass,12.2
Qwen3-4B-think,HumanEval_136,1,True,1,1,pass,12.46
Qwen3-4B-think,HumanEval_136,2,True,1,1,pass,10.92
Qwen3-4B-think,HumanEval_136,3,True,1,1,pass,11.66
Qwen3-4B-think,HumanEval_136,4,True,1,1,pass,10.37
Qwen3-4B-think,HumanEval_137,0,True,1,1,pass,21.45
Qwen3-4B-think,HumanEval_137,1,True,1,1,pass,29.88
Qwen3-4B-think,HumanEval_137,2,True,1,1,pass,23.64
Qwen3-4B-think,HumanEval_137,3,True,1,1,pass,24.17
Qwen3-4B-think,HumanEval_137,4,True,1,1,pass,17.03
Qwen3-4B-think,HumanEval_138,0,True,1,1,pass,14.52
Qwen3-4B-think,HumanEval_138,1,True,1,1,pass,19.02
Qwen3-4B-think,HumanEval_138,2,True,1,1,pass,14.73
Qwen3-4B-think,HumanEval_138,3,True,1,1,pass,13.92
Qwen3-4B-think,HumanEval_138,4,True,1,1,pass,10.87
Qwen3-4B-think,HumanEval_139,0,True,1,1,pass,15.85
Qwen3-4B-think,HumanEval_139,1,True,1,1,pass,15.41
Qwen3-4B-think,HumanEval_139,2,True,1,1,pass,16.81
Qwen3-4B-think,HumanEval_139,3,True,1,1,pass,16.78
Qwen3-4B-think,HumanEval_139,4,True,1,1,pass,15.7
Qwen3-4B-think,HumanEval_14,0,True,1,1,pass,6.39
Qwen3-4B-think,HumanEval_14,1,True,1,1,pass,9.14
Qwen3-4B-think,HumanEval_14,2,True,1,1,pass,9.49
Qwen3-4B-think,HumanEval_14,3,True,1,1,pass,6.89
Qwen3-4B-think,HumanEval_14,4,True,1,1,pass,7.26
Qwen3-4B-think,HumanEval_140,0,True,1,1,pass,37.33
Qwen3-4B-think,HumanEval_140,1,True,1,1,pass,42.96
Qwen3-4B-think,HumanEval_140,2,True,1,1,pass,36.41
Qwen3-4B-think,HumanEval_140,3,False,6,0,fail_after_6_turns,235.45
Qwen3-4B-think,HumanEval_140,4,False,6,0,fail_after_6_turns,210.94
Qwen3-4B-think,HumanEval_141,0,True,1,1,pass,30.96
Qwen3-4B-think,HumanEval_141,1,True,1,1,pass,28.82
Qwen3-4B-think,HumanEval_141,2,True,1,1,pass,23.72
Qwen3-4B-think,HumanEval_141,3,True,1,1,pass,25.88
Qwen3-4B-think,HumanEval_141,4,True,1,1,pass,21.46
Qwen3-4B-think,HumanEval_142,0,True,1,1,pass,33.88
Qwen3-4B-think,HumanEval_142,1,True,1,1,pass,13.32
Qwen3-4B-think,HumanEval_142,2,True,1,1,pass,26.62
Qwen3-4B-think,HumanEval_142,3,True,1,1,pass,14.94
Qwen3-4B-think,HumanEval_142,4,True,1,1,pass,15.87
Qwen3-4B-think,HumanEval_143,0,True,1,1,pass,16.41
Qwen3-4B-think,HumanEval_143,1,True,1,1,pass,17.83
Qwen3-4B-think,HumanEval_143,2,True,1,1,pass,12.37
Qwen3-4B-think,HumanEval_143,3,True,1,1,pass,12.1
Qwen3-4B-think,HumanEval_143,4,True,1,1,pass,16.06
Qwen3-4B-think,HumanEval_144,0,True,1,1,pass,18.22
Qwen3-4B-think,HumanEval_144,1,True,1,1,pass,25.87
Qwen3-4B-think,HumanEval_144,2,True,1,1,pass,18.74
Qwen3-4B-think,HumanEval_144,3,True,1,1,pass,11.9
Qwen3-4B-think,HumanEval_144,4,True,1,1,pass,24.83
Qwen3-4B-think,HumanEval_145,0,False,6,0,fail_after_6_turns,385.98
Qwen3-4B-think,HumanEval_145,1,False,4,0,fail_before_6_turns,600.0720217227936
Qwen3-4B-think,HumanEval_145,2,False,6,0,fail_after_6_turns,377.01
Qwen3-4B-think,HumanEval_145,3,False,6,0,fail_after_6_turns,332.52
Qwen3-4B-think,HumanEval_145,4,False,6,0,fail_after_6_turns,559.83
Qwen3-4B-think,HumanEval_146,0,True,1,1,pass,19.61
Qwen3-4B-think,HumanEval_146,1,True,1,1,pass,20.79
Qwen3-4B-think,HumanEval_146,2,True,1,1,pass,19.86
Qwen3-4B-think,HumanEval_146,3,True,1,1,pass,23.69
Qwen3-4B-think,HumanEval_146,4,True,1,1,pass,20.12
Qwen3-4B-think,HumanEval_147,0,True,1,1,pass,86.58
Qwen3-4B-think,HumanEval_147,1,True,1,1,pass,33.52
Qwen3-4B-think,HumanEval_147,2,True,1,1,pass,43.78
Qwen3-4B-think,HumanEval_147,3,True,1,1,pass,65.32
Qwen3-4B-think,HumanEval_147,4,True,1,1,pass,65.95
Qwen3-4B-think,HumanEval_148,0,True,1,1,pass,19.09
Qwen3-4B-think,HumanEval_148,1,True,1,1,pass,23.52
Qwen3-4B-think,HumanEval_148,2,True,1,1,pass,28.82
Qwen3-4B-think,HumanEval_148,3,True,1,1,pass,24.53
Qwen3-4B-think,HumanEval_148,4,True,1,1,pass,22.66
Qwen3-4B-think,HumanEval_149,0,True,1,1,pass,20.01
Qwen3-4B-think,HumanEval_149,1,True,1,1,pass,18.04
Qwen3-4B-think,HumanEval_149,2,True,1,1,pass,15.72
Qwen3-4B-think,HumanEval_149,3,True,1,1,pass,14.52
Qwen3-4B-think,HumanEval_149,4,True,1,1,pass,15.05
Qwen3-4B-think,HumanEval_15,0,True,1,1,pass,12.62
Qwen3-4B-think,HumanEval_15,1,True,1,1,pass,6.3
Qwen3-4B-think,HumanEval_15,2,True,1,1,pass,6.03
Qwen3-4B-think,HumanEval_15,3,True,1,1,pass,12.25
Qwen3-4B-think,HumanEval_15,4,True,1,1,pass,9.97
Qwen3-4B-think,HumanEval_150,0,True,1,1,pass,12.2
Qwen3-4B-think,HumanEval_150,1,True,1,1,pass,14.82
Qwen3-4B-think,HumanEval_150,2,True,1,1,pass,15.81
Qwen3-4B-think,HumanEval_150,3,True,1,1,pass,11.45
Qwen3-4B-think,HumanEval_150,4,True,1,1,pass,13.44
Qwen3-4B-think,HumanEval_151,0,True,1,1,pass,20.92
Qwen3-4B-think,HumanEval_151,1,True,1,1,pass,36.83
Qwen3-4B-think,HumanEval_151,2,True,1,1,pass,32.72
Qwen3-4B-think,HumanEval_151,3,True,1,1,pass,52.39
Qwen3-4B-think,HumanEval_151,4,True,1,1,pass,28.49
Qwen3-4B-think,HumanEval_152,0,True,1,1,pass,11.44
Qwen3-4B-think,HumanEval_152,1,True,1,1,pass,8.66
Qwen3-4B-think,HumanEval_152,2,True,1,1,pass,10.69
Qwen3-4B-think,HumanEval_152,3,True,1,1,pass,8.54
Qwen3-4B-think,HumanEval_152,4,True,1,1,pass,9.32
Qwen3-4B-think,HumanEval_153,0,True,1,1,pass,19.4
Qwen3-4B-think,HumanEval_153,1,True,1,1,pass,20.82
Qwen3-4B-think,HumanEval_153,2,True,1,1,pass,17.93
Qwen3-4B-think,HumanEval_153,3,True,1,1,pass,21.69
Qwen3-4B-think,HumanEval_153,4,True,1,1,pass,34.71
Qwen3-4B-think,HumanEval_154,0,True,1,1,pass,28.58
Qwen3-4B-think,HumanEval_154,1,True,1,1,pass,28.1
Qwen3-4B-think,HumanEval_154,2,True,1,1,pass,25.07
Qwen3-4B-think,HumanEval_154,3,True,1,1,pass,31.63
Qwen3-4B-think,HumanEval_154,4,True,1,1,pass,34.85
Qwen3-4B-think,HumanEval_155,0,True,1,1,pass,11.03
Qwen3-4B-think,HumanEval_155,1,True,1,1,pass,9.93
Qwen3-4B-think,HumanEval_155,2,True,1,1,pass,11.24
Qwen3-4B-think,HumanEval_155,3,True,1,1,pass,10.75
Qwen3-4B-think,HumanEval_155,4,True,1,1,pass,11.35
Qwen3-4B-think,HumanEval_156,0,True,1,1,pass,17.23
Qwen3-4B-think,HumanEval_156,1,True,1,1,pass,14.63
Qwen3-4B-think,HumanEval_156,2,True,1,1,pass,22.16
Qwen3-4B-think,HumanEval_156,3,True,1,1,pass,15.46
Qwen3-4B-think,HumanEval_156,4,True,1,1,pass,16.59
Qwen3-4B-think,HumanEval_157,0,True,1,1,pass,16.66
Qwen3-4B-think,HumanEval_157,1,True,1,1,pass,11.14
Qwen3-4B-think,HumanEval_157,2,True,1,1,pass,18.57
Qwen3-4B-think,HumanEval_157,3,True,1,1,pass,13.47
Qwen3-4B-think,HumanEval_157,4,True,1,1,pass,11.83
Qwen3-4B-think,HumanEval_158,0,True,1,1,pass,17.25
Qwen3-4B-think,HumanEval_158,1,True,1,1,pass,31.92
Qwen3-4B-think,HumanEval_158,2,True,1,1,pass,19.27
Qwen3-4B-think,HumanEval_158,3,True,1,1,pass,19.01
Qwen3-4B-think,HumanEval_158,4,True,1,1,pass,20.94
Qwen3-4B-think,HumanEval_159,0,True,1,1,pass,14.17
Qwen3-4B-think,HumanEval_159,1,True,1,1,pass,12.36
Qwen3-4B-think,HumanEval_159,2,True,1,1,pass,20.82
Qwen3-4B-think,HumanEval_159,3,True,1,1,pass,12.55
Qwen3-4B-think,HumanEval_159,4,True,1,1,pass,27.09
Qwen3-4B-think,HumanEval_16,0,True,1,1,pass,7.96
Qwen3-4B-think,HumanEval_16,1,True,1,1,pass,6.74
Qwen3-4B-think,HumanEval_16,2,True,1,1,pass,8.09
Qwen3-4B-think,HumanEval_16,3,True,1,1,pass,7.83
Qwen3-4B-think,HumanEval_16,4,True,1,1,pass,6.3
Qwen3-4B-think,HumanEval_160,0,True,1,1,pass,20.28
Qwen3-4B-think,HumanEval_160,1,True,1,1,pass,24.6
Qwen3-4B-think,HumanEval_160,2,True,1,1,pass,23.06
Qwen3-4B-think,HumanEval_160,3,True,1,1,pass,19.15
Qwen3-4B-think,HumanEval_160,4,True,1,1,pass,23.02
Qwen3-4B-think,HumanEval_161,0,True,1,1,pass,13.35
Qwen3-4B-think,HumanEval_161,1,True,1,1,pass,11.92
Qwen3-4B-think,HumanEval_161,2,True,1,1,pass,14.25
Qwen3-4B-think,HumanEval_161,3,True,1,1,pass,12.4
Qwen3-4B-think,HumanEval_161,4,True,1,1,pass,10.33
Qwen3-4B-think,HumanEval_162,0,True,1,1,pass,6.11
Qwen3-4B-think,HumanEval_162,1,True,1,1,pass,11.99
Qwen3-4B-think,HumanEval_162,2,True,1,1,pass,5.43
Qwen3-4B-think,HumanEval_162,3,True,1,1,pass,11.07
Qwen3-4B-think,HumanEval_162,4,True,1,1,pass,12.05
Qwen3-4B-think,HumanEval_163,0,False,6,0,fail_after_6_turns,330.48
Qwen3-4B-think,HumanEval_163,1,False,6,0,fail_after_6_turns,379.49
Qwen3-4B-think,HumanEval_163,2,True,1,1,pass,53.02
Qwen3-4B-think,HumanEval_163,3,False,6,0,fail_after_6_turns,235.87
Qwen3-4B-think,HumanEval_163,4,False,6,0,fail_after_6_turns,260.65
Qwen3-4B-think,HumanEval_17,0,True,1,1,pass,14.93
Qwen3-4B-think,HumanEval_17,1,True,1,1,pass,15.98
Qwen3-4B-think,HumanEval_17,2,True,1,1,pass,13.02
Qwen3-4B-think,HumanEval_17,3,True,1,1,pass,10.37
Qwen3-4B-think,HumanEval_17,4,True,1,1,pass,11.62
Qwen3-4B-think,HumanEval_18,0,True,1,1,pass,17.41
Qwen3-4B-think,HumanEval_18,1,True,1,1,pass,20.44
Qwen3-4B-think,HumanEval_18,2,True,1,1,pass,30.61
Qwen3-4B-think,HumanEval_18,3,True,1,1,pass,18.99
Qwen3-4B-think,HumanEval_18,4,True,1,1,pass,29.21
Qwen3-4B-think,HumanEval_19,0,True,1,1,pass,17.31
Qwen3-4B-think,HumanEval_19,1,True,1,1,pass,23.21
Qwen3-4B-think,HumanEval_19,2,True,1,1,pass,12.56
Qwen3-4B-think,HumanEval_19,3,True,1,1,pass,19.99
Qwen3-4B-think,HumanEval_19,4,True,1,1,pass,20.84
Qwen3-4B-think,HumanEval_2,0,True,1,1,pass,6.67
Qwen3-4B-think,HumanEval_2,1,True,1,1,pass,6.27
Qwen3-4B-think,HumanEval_2,2,True,1,1,pass,13.56
Qwen3-4B-think,HumanEval_2,3,True,1,1,pass,6.16
Qwen3-4B-think,HumanEval_2,4,True,1,1,pass,8.29
Qwen3-4B-think,HumanEval_20,0,True,1,1,pass,25.35
Qwen3-4B-think,HumanEval_20,1,True,1,1,pass,28.07
Qwen3-4B-think,HumanEval_20,2,True,1,1,pass,48.82
Qwen3-4B-think,HumanEval_20,3,True,1,1,pass,48.15
Qwen3-4B-think,HumanEval_20,4,True,1,1,pass,26.93
Qwen3-4B-think,HumanEval_21,0,True,1,1,pass,11.75
Qwen3-4B-think,HumanEval_21,1,True,1,1,pass,8.06
Qwen3-4B-think,HumanEval_21,2,True,1,1,pass,12.93
Qwen3-4B-think,HumanEval_21,3,True,1,1,pass,17.36
Qwen3-4B-think,HumanEval_21,4,True,1,1,pass,18.27
Qwen3-4B-think,HumanEval_22,0,True,1,1,pass,8.13
Qwen3-4B-think,HumanEval_22,1,True,1,1,pass,18.38
Qwen3-4B-think,HumanEval_22,2,True,1,1,pass,19.56
Qwen3-4B-think,HumanEval_22,3,True,1,1,pass,14.73
Qwen3-4B-think,HumanEval_22,4,True,1,1,pass,23.12
Qwen3-4B-think,HumanEval_23,0,True,1,1,pass,4.52
Qwen3-4B-think,HumanEval_23,1,True,1,1,pass,3.56
Qwen3-4B-think,HumanEval_23,2,True,1,1,pass,3.95
Qwen3-4B-think,HumanEval_23,3,True,1,1,pass,5.04
Qwen3-4B-think,HumanEval_23,4,True,1,1,pass,3.46
Qwen3-4B-think,HumanEval_24,0,True,1,1,pass,20.57
Qwen3-4B-think,HumanEval_24,1,True,1,1,pass,15.45
Qwen3-4B-think,HumanEval_24,2,True,1,1,pass,22.58
Qwen3-4B-think,HumanEval_24,3,True,1,1,pass,23.88
Qwen3-4B-think,HumanEval_24,4,True,1,1,pass,23.25
Qwen3-4B-think,HumanEval_25,0,True,1,1,pass,27.05
Qwen3-4B-think,HumanEval_25,1,True,1,1,pass,19.22
Qwen3-4B-think,HumanEval_25,2,True,1,1,pass,20.58
Qwen3-4B-think,HumanEval_25,3,True,1,1,pass,23.11
Qwen3-4B-think,HumanEval_25,4,True,1,1,pass,23.99
Qwen3-4B-think,HumanEval_26,0,True,1,1,pass,15.48
Qwen3-4B-think,HumanEval_26,1,True,1,1,pass,12.58
Qwen3-4B-think,HumanEval_26,2,True,1,1,pass,57.69
Qwen3-4B-think,HumanEval_26,3,True,1,1,pass,32.94
Qwen3-4B-think,HumanEval_26,4,True,1,1,pass,15.73
Qwen3-4B-think,HumanEval_27,0,True,1,1,pass,10.79
Qwen3-4B-think,HumanEval_27,1,True,1,1,pass,11.34
Qwen3-4B-think,HumanEval_27,2,True,1,1,pass,4.86
Qwen3-4B-think,HumanEval_27,3,True,1,1,pass,5.26
Qwen3-4B-think,HumanEval_27,4,True,1,1,pass,6.1
Qwen3-4B-think,HumanEval_28,0,True,1,1,pass,4.09
Qwen3-4B-think,HumanEval_28,1,True,1,1,pass,4.8
Qwen3-4B-think,HumanEval_28,2,True,1,1,pass,4.79
Qwen3-4B-think,HumanEval_28,3,True,1,1,pass,4.48
Qwen3-4B-think,HumanEval_28,4,True,1,1,pass,4.08
Qwen3-4B-think,HumanEval_29,0,True,1,1,pass,7.58
Qwen3-4B-think,HumanEval_29,1,True,1,1,pass,9.12
Qwen3-4B-think,HumanEval_29,2,True,1,1,pass,6.83
Qwen3-4B-think,HumanEval_29,3,True,1,1,pass,7.84
Qwen3-4B-think,HumanEval_29,4,True,1,1,pass,7.1
Qwen3-4B-think,HumanEval_3,0,True,1,1,pass,8.76
Qwen3-4B-think,HumanEval_3,1,True,1,1,pass,6.8
Qwen3-4B-think,HumanEval_3,2,True,1,1,pass,6.32
Qwen3-4B-think,HumanEval_3,3,True,1,1,pass,5.15
Qwen3-4B-think,HumanEval_3,4,True,1,1,pass,7.98
Qwen3-4B-think,HumanEval_30,0,True,1,1,pass,6.06
Qwen3-4B-think,HumanEval_30,1,True,1,1,pass,6.8
Qwen3-4B-think,HumanEval_30,2,True,1,1,pass,7.25
Qwen3-4B-think,HumanEval_30,3,True,1,1,pass,5.41
Qwen3-4B-think,HumanEval_30,4,True,1,1,pass,6.1
Qwen3-4B-think,HumanEval_31,0,True,1,1,pass,13.18
Qwen3-4B-think,HumanEval_31,1,True,1,1,pass,23.52
Qwen3-4B-think,HumanEval_31,2,True,1,1,pass,25.96
Qwen3-4B-think,HumanEval_31,3,True,1,1,pass,15.0
Qwen3-4B-think,HumanEval_31,4,True,1,1,pass,21.93
Qwen3-4B-think,HumanEval_32,0,False,1,0,fail_before_6_turns,555.8068375587463
Qwen3-4B-think,HumanEval_32,1,False,6,0,fail_after_6_turns,489.73
Qwen3-4B-think,HumanEval_32,2,False,1,0,fail_before_6_turns,556.0778141021729
Qwen3-4B-think,HumanEval_32,3,False,1,0,fail_before_6_turns,556.2035684585571
Qwen3-4B-think,HumanEval_32,4,False,6,0,fail_after_6_turns,362.78
Qwen3-4B-think,HumanEval_33,0,True,1,1,pass,19.63
Qwen3-4B-think,HumanEval_33,1,True,1,1,pass,24.85
Qwen3-4B-think,HumanEval_33,2,True,1,1,pass,24.5
Qwen3-4B-think,HumanEval_33,3,True,1,1,pass,24.11
Qwen3-4B-think,HumanEval_33,4,True,1,1,pass,20.59
Qwen3-4B-think,HumanEval_34,0,True,1,1,pass,19.92
Qwen3-4B-think,HumanEval_34,1,True,1,1,pass,20.92
Qwen3-4B-think,HumanEval_34,2,True,1,1,pass,17.42
Qwen3-4B-think,HumanEval_34,3,True,1,1,pass,10.64
Qwen3-4B-think,HumanEval_34,4,True,1,1,pass,17.73
Qwen3-4B-think,HumanEval_35,0,True,1,1,pass,5.07
Qwen3-4B-think,HumanEval_35,1,True,1,1,pass,5.42
Qwen3-4B-think,HumanEval_35,2,True,1,1,pass,6.97
Qwen3-4B-think,HumanEval_35,3,True,1,1,pass,5.45
Qwen3-4B-think,HumanEval_35,4,True,1,1,pass,9.6
Qwen3-4B-think,HumanEval_36,0,True,1,1,pass,21.01
Qwen3-4B-think,HumanEval_36,1,True,1,1,pass,22.91
Qwen3-4B-think,HumanEval_36,2,True,1,1,pass,23.78
Qwen3-4B-think,HumanEval_36,3,True,1,1,pass,19.65
Qwen3-4B-think,HumanEval_36,4,True,1,1,pass,27.39
Qwen3-4B-think,HumanEval_37,0,True,1,1,pass,30.57
Qwen3-4B-think,HumanEval_37,1,True,1,1,pass,41.62
Qwen3-4B-think,HumanEval_37,2,True,1,1,pass,13.93
Qwen3-4B-think,HumanEval_37,3,True,1,1,pass,18.31
Qwen3-4B-think,HumanEval_37,4,True,1,1,pass,24.68
Qwen3-4B-think,HumanEval_38,0,False,2,0,fail_before_6_turns,571.1632649898529
Qwen3-4B-think,HumanEval_38,1,False,2,0,fail_before_6_turns,570.0244312286377
Qwen3-4B-think,HumanEval_38,2,False,6,0,fail_after_6_turns,151.26
Qwen3-4B-think,HumanEval_38,3,True,3,3,pass,46.33
Qwen3-4B-think,HumanEval_38,4,False,2,0,fail_before_6_turns,569.1554594039917
Qwen3-4B-think,HumanEval_39,0,True,1,1,pass,47.44
Qwen3-4B-think,HumanEval_39,1,True,1,1,pass,47.2
Qwen3-4B-think,HumanEval_39,2,True,1,1,pass,42.91
Qwen3-4B-think,HumanEval_39,3,True,1,1,pass,39.42
Qwen3-4B-think,HumanEval_39,4,True,1,1,pass,40.99
Qwen3-4B-think,HumanEval_4,0,True,1,1,pass,8.57
Qwen3-4B-think,HumanEval_4,1,True,1,1,pass,9.73
Qwen3-4B-think,HumanEval_4,2,True,1,1,pass,8.07
Qwen3-4B-think,HumanEval_4,3,True,1,1,pass,9.52
Qwen3-4B-think,HumanEval_4,4,True,1,1,pass,9.61
Qwen3-4B-think,HumanEval_40,0,True,1,1,pass,41.86
Qwen3-4B-think,HumanEval_40,1,True,1,1,pass,34.11
Qwen3-4B-think,HumanEval_40,2,True,1,1,pass,72.24
Qwen3-4B-think,HumanEval_40,3,True,1,1,pass,59.82
Qwen3-4B-think,HumanEval_40,4,True,1,1,pass,66.45
Qwen3-4B-think,HumanEval_41,0,True,1,1,pass,5.98
Qwen3-4B-think,HumanEval_41,1,True,1,1,pass,8.71
Qwen3-4B-think,HumanEval_41,2,True,1,1,pass,9.05
Qwen3-4B-think,HumanEval_41,3,True,1,1,pass,8.01
Qwen3-4B-think,HumanEval_41,4,True,1,1,pass,8.48
Qwen3-4B-think,HumanEval_42,0,True,1,1,pass,7.2
Qwen3-4B-think,HumanEval_42,1,True,1,1,pass,7.58
Qwen3-4B-think,HumanEval_42,2,True,1,1,pass,7.01
Qwen3-4B-think,HumanEval_42,3,True,1,1,pass,7.5
Qwen3-4B-think,HumanEval_42,4,True,1,1,pass,8.14
Qwen3-4B-think,HumanEval_43,0,True,1,1,pass,69.17
Qwen3-4B-think,HumanEval_43,1,True,1,1,pass,82.18
Qwen3-4B-think,HumanEval_43,2,True,1,1,pass,33.1
Qwen3-4B-think,HumanEval_43,3,True,1,1,pass,26.66
Qwen3-4B-think,HumanEval_43,4,True,1,1,pass,38.55
Qwen3-4B-think,HumanEval_44,0,True,1,1,pass,16.45
Qwen3-4B-think,HumanEval_44,1,True,1,1,pass,21.27
Qwen3-4B-think,HumanEval_44,2,True,1,1,pass,25.76
Qwen3-4B-think,HumanEval_44,3,True,1,1,pass,24.84
Qwen3-4B-think,HumanEval_44,4,True,1,1,pass,25.03
Qwen3-4B-think,HumanEval_45,0,True,1,1,pass,4.75
Qwen3-4B-think,HumanEval_45,1,True,1,1,pass,4.49
Qwen3-4B-think,HumanEval_45,2,True,1,1,pass,5.17
Qwen3-4B-think,HumanEval_45,3,True,1,1,pass,4.51
Qwen3-4B-think,HumanEval_45,4,True,1,1,pass,5.33
Qwen3-4B-think,HumanEval_46,0,True,1,1,pass,38.25
Qwen3-4B-think,HumanEval_46,1,True,1,1,pass,39.51
Qwen3-4B-think,HumanEval_46,2,True,1,1,pass,28.42
Qwen3-4B-think,HumanEval_46,3,True,1,1,pass,56.85
Qwen3-4B-think,HumanEval_46,4,True,1,1,pass,27.67
Qwen3-4B-think,HumanEval_47,0,True,1,1,pass,48.99
Qwen3-4B-think,HumanEval_47,1,True,1,1,pass,54.84
Qwen3-4B-think,HumanEval_47,2,True,1,1,pass,78.41
Qwen3-4B-think,HumanEval_47,3,True,1,1,pass,68.12
Qwen3-4B-think,HumanEval_47,4,True,1,1,pass,75.07
Qwen3-4B-think,HumanEval_48,0,True,1,1,pass,17.08
Qwen3-4B-think,HumanEval_48,1,True,1,1,pass,11.19
Qwen3-4B-think,HumanEval_48,2,True,1,1,pass,10.91
Qwen3-4B-think,HumanEval_48,3,True,1,1,pass,13.85
Qwen3-4B-think,HumanEval_48,4,True,1,1,pass,9.43
Qwen3-4B-think,HumanEval_49,0,True,1,1,pass,9.18
Qwen3-4B-think,HumanEval_49,1,True,1,1,pass,13.17
Qwen3-4B-think,HumanEval_49,2,True,1,1,pass,8.0
Qwen3-4B-think,HumanEval_49,3,True,1,1,pass,12.82
Qwen3-4B-think,HumanEval_49,4,True,1,1,pass,11.57
Qwen3-4B-think,HumanEval_5,0,True,1,1,pass,18.81
Qwen3-4B-think,HumanEval_5,1,True,1,1,pass,12.6
Qwen3-4B-think,HumanEval_5,2,True,1,1,pass,12.43
Qwen3-4B-think,HumanEval_5,3,True,1,1,pass,9.86
Qwen3-4B-think,HumanEval_5,4,True,1,1,pass,12.47
Qwen3-4B-think,HumanEval_50,0,False,6,0,fail_after_6_turns,226.44
Qwen3-4B-think,HumanEval_50,1,True,2,2,pass,90.6
Qwen3-4B-think,HumanEval_50,2,False,2,0,fail_before_6_turns,567.5076806545258
Qwen3-4B-think,HumanEval_50,3,False,2,0,fail_before_6_turns,564.879968881607
Qwen3-4B-think,HumanEval_50,4,False,4,0,fail_before_6_turns,600.1211709976196
Qwen3-4B-think,HumanEval_51,0,True,1,1,pass,12.56
Qwen3-4B-think,HumanEval_51,1,True,1,1,pass,15.63
Qwen3-4B-think,HumanEval_51,2,True,1,1,pass,14.58
Qwen3-4B-think,HumanEval_51,3,True,1,1,pass,13.67
Qwen3-4B-think,HumanEval_51,4,True,1,1,pass,15.15
Qwen3-4B-think,HumanEval_52,0,True,1,1,pass,7.41
Qwen3-4B-think,HumanEval_52,1,True,1,1,pass,9.11
Qwen3-4B-think,HumanEval_52,2,True,1,1,pass,8.11
Qwen3-4B-think,HumanEval_52,3,True,1,1,pass,7.57
Qwen3-4B-think,HumanEval_52,4,True,1,1,pass,6.76
Qwen3-4B-think,HumanEval_53,0,True,1,1,pass,4.49
Qwen3-4B-think,HumanEval_53,1,True,1,1,pass,4.74
Qwen3-4B-think,HumanEval_53,2,True,1,1,pass,4.01
Qwen3-4B-think,HumanEval_53,3,True,1,1,pass,3.85
Qwen3-4B-think,HumanEval_53,4,True,1,1,pass,3.88
Qwen3-4B-think,HumanEval_54,0,True,1,1,pass,14.32
Qwen3-4B-think,HumanEval_54,1,True,1,1,pass,13.41
Qwen3-4B-think,HumanEval_54,2,True,1,1,pass,12.83
Qwen3-4B-think,HumanEval_54,3,True,1,1,pass,16.27
Qwen3-4B-think,HumanEval_54,4,True,1,1,pass,27.39
Qwen3-4B-think,HumanEval_55,0,True,1,1,pass,14.39
Qwen3-4B-think,HumanEval_55,1,True,1,1,pass,16.76
Qwen3-4B-think,HumanEval_55,2,True,1,1,pass,15.89
Qwen3-4B-think,HumanEval_55,3,True,1,1,pass,11.12
Qwen3-4B-think,HumanEval_55,4,True,1,1,pass,37.46
Qwen3-4B-think,HumanEval_56,0,True,1,1,pass,13.08
Qwen3-4B-think,HumanEval_56,1,True,1,1,pass,8.97
Qwen3-4B-think,HumanEval_56,2,True,1,1,pass,13.31
Qwen3-4B-think,HumanEval_56,3,True,1,1,pass,9.18
Qwen3-4B-think,HumanEval_56,4,True,1,1,pass,9.17
Qwen3-4B-think,HumanEval_57,0,True,1,1,pass,14.94
Qwen3-4B-think,HumanEval_57,1,True,1,1,pass,9.68
Qwen3-4B-think,HumanEval_57,2,True,1,1,pass,24.04
Qwen3-4B-think,HumanEval_57,3,True,1,1,pass,10.05
Qwen3-4B-think,HumanEval_57,4,True,1,1,pass,14.38
Qwen3-4B-think,HumanEval_58,0,True,1,1,pass,11.18
Qwen3-4B-think,HumanEval_58,1,True,1,1,pass,8.36
Qwen3-4B-think,HumanEval_58,2,True,1,1,pass,7.99
Qwen3-4B-think,HumanEval_58,3,True,1,1,pass,10.58
Qwen3-4B-think,HumanEval_58,4,True,1,1,pass,9.13
Qwen3-4B-think,HumanEval_59,0,True,1,1,pass,26.0
Qwen3-4B-think,HumanEval_59,1,True,1,1,pass,21.89
Qwen3-4B-think,HumanEval_59,2,True,1,1,pass,26.92
Qwen3-4B-think,HumanEval_59,3,True,1,1,pass,25.25
Qwen3-4B-think,HumanEval_59,4,True,1,1,pass,22.82
Qwen3-4B-think,HumanEval_6,0,True,1,1,pass,17.77
Qwen3-4B-think,HumanEval_6,1,True,1,1,pass,14.87
Qwen3-4B-think,HumanEval_6,2,True,1,1,pass,16.23
Qwen3-4B-think,HumanEval_6,3,True,1,1,pass,17.01
Qwen3-4B-think,HumanEval_6,4,True,1,1,pass,14.87
Qwen3-4B-think,HumanEval_60,0,True,1,1,pass,6.68
Qwen3-4B-think,HumanEval_60,1,True,1,1,pass,7.65
Qwen3-4B-think,HumanEval_60,2,True,1,1,pass,8.63
Qwen3-4B-think,HumanEval_60,3,True,1,1,pass,14.97
Qwen3-4B-think,HumanEval_60,4,True,1,1,pass,18.15
Qwen3-4B-think,HumanEval_61,0,True,1,1,pass,8.24
Qwen3-4B-think,HumanEval_61,1,True,1,1,pass,9.16
Qwen3-4B-think,HumanEval_61,2,True,1,1,pass,9.94
Qwen3-4B-think,HumanEval_61,3,True,1,1,pass,10.19
Qwen3-4B-think,HumanEval_61,4,True,1,1,pass,8.84
Qwen3-4B-think,HumanEval_62,0,False,6,0,fail_after_6_turns,104.91
Qwen3-4B-think,HumanEval_62,1,False,6,0,fail_after_6_turns,165.97
Qwen3-4B-think,HumanEval_62,2,False,6,0,fail_after_6_turns,155.18
Qwen3-4B-think,HumanEval_62,3,True,1,1,pass,15.16
Qwen3-4B-think,HumanEval_62,4,True,1,1,pass,18.77
Qwen3-4B-think,HumanEval_63,0,True,1,1,pass,23.62
Qwen3-4B-think,HumanEval_63,1,True,1,1,pass,19.46
Qwen3-4B-think,HumanEval_63,2,True,1,1,pass,29.1
Qwen3-4B-think,HumanEval_63,3,True,1,1,pass,13.1
Qwen3-4B-think,HumanEval_63,4,True,1,1,pass,20.05
Qwen3-4B-think,HumanEval_64,0,True,1,1,pass,28.59
Qwen3-4B-think,HumanEval_64,1,True,1,1,pass,30.53
Qwen3-4B-think,HumanEval_64,2,True,1,1,pass,21.53
Qwen3-4B-think,HumanEval_64,3,True,1,1,pass,24.02
Qwen3-4B-think,HumanEval_64,4,True,1,1,pass,19.03
Qwen3-4B-think,HumanEval_65,0,True,1,1,pass,22.77
Qwen3-4B-think,HumanEval_65,1,True,1,1,pass,17.96
Qwen3-4B-think,HumanEval_65,2,True,1,1,pass,23.74
Qwen3-4B-think,HumanEval_65,3,True,1,1,pass,11.01
Qwen3-4B-think,HumanEval_65,4,True,1,1,pass,16.25
Qwen3-4B-think,HumanEval_66,0,True,1,1,pass,5.91
Qwen3-4B-think,HumanEval_66,1,True,1,1,pass,8.81
Qwen3-4B-think,HumanEval_66,2,True,1,1,pass,9.48
Qwen3-4B-think,HumanEval_66,3,True,1,1,pass,8.51
Qwen3-4B-think,HumanEval_66,4,True,1,1,pass,8.7
Qwen3-4B-think,HumanEval_67,0,True,1,1,pass,10.02
Qwen3-4B-think,HumanEval_67,1,True,1,1,pass,11.67
Qwen3-4B-think,HumanEval_67,2,True,1,1,pass,11.03
Qwen3-4B-think,HumanEval_67,3,True,1,1,pass,10.07
Qwen3-4B-think,HumanEval_67,4,True,1,1,pass,9.89
Qwen3-4B-think,HumanEval_68,0,True,1,1,pass,23.21
Qwen3-4B-think,HumanEval_68,1,True,1,1,pass,19.21
Qwen3-4B-think,HumanEval_68,2,True,1,1,pass,22.45
Qwen3-4B-think,HumanEval_68,3,True,1,1,pass,21.23
Qwen3-4B-think,HumanEval_68,4,True,1,1,pass,27.39
Qwen3-4B-think,HumanEval_69,0,True,1,1,pass,13.39
Qwen3-4B-think,HumanEval_69,1,True,1,1,pass,12.85
Qwen3-4B-think,HumanEval_69,2,True,1,1,pass,12.74
Qwen3-4B-think,HumanEval_69,3,True,1,1,pass,12.54
Qwen3-4B-think,HumanEval_69,4,True,1,1,pass,16.73
Qwen3-4B-think,HumanEval_7,0,True,1,1,pass,6.9
Qwen3-4B-think,HumanEval_7,1,True,1,1,pass,6.12
Qwen3-4B-think,HumanEval_7,2,True,1,1,pass,10.53
Qwen3-4B-think,HumanEval_7,3,True,1,1,pass,7.27
Qwen3-4B-think,HumanEval_7,4,True,1,1,pass,7.85
Qwen3-4B-think,HumanEval_70,0,True,1,1,pass,21.85
Qwen3-4B-think,HumanEval_70,1,True,1,1,pass,17.07
Qwen3-4B-think,HumanEval_70,2,True,1,1,pass,28.84
Qwen3-4B-think,HumanEval_70,3,True,1,1,pass,18.51
Qwen3-4B-think,HumanEval_70,4,True,1,1,pass,22.22
Qwen3-4B-think,HumanEval_71,0,True,1,1,pass,41.93
Qwen3-4B-think,HumanEval_71,1,True,1,1,pass,41.21
Qwen3-4B-think,HumanEval_71,2,True,1,1,pass,36.49
Qwen3-4B-think,HumanEval_71,3,True,1,1,pass,37.52
Qwen3-4B-think,HumanEval_71,4,True,1,1,pass,20.17
Qwen3-4B-think,HumanEval_72,0,True,1,1,pass,9.9
Qwen3-4B-think,HumanEval_72,1,True,1,1,pass,9.1
Qwen3-4B-think,HumanEval_72,2,True,1,1,pass,10.73
Qwen3-4B-think,HumanEval_72,3,True,1,1,pass,9.57
Qwen3-4B-think,HumanEval_72,4,True,1,1,pass,6.38
Qwen3-4B-think,HumanEval_73,0,True,1,1,pass,10.45
Qwen3-4B-think,HumanEval_73,1,True,1,1,pass,14.69
Qwen3-4B-think,HumanEval_73,2,True,1,1,pass,14.46
Qwen3-4B-think,HumanEval_73,3,True,1,1,pass,15.46
Qwen3-4B-think,HumanEval_73,4,True,1,1,pass,13.49
Qwen3-4B-think,HumanEval_74,0,True,1,1,pass,11.7
Qwen3-4B-think,HumanEval_74,1,True,1,1,pass,9.86
Qwen3-4B-think,HumanEval_74,2,True,1,1,pass,9.99
Qwen3-4B-think,HumanEval_74,3,True,1,1,pass,10.27
Qwen3-4B-think,HumanEval_74,4,True,1,1,pass,9.55
Qwen3-4B-think,HumanEval_75,0,True,1,1,pass,28.45
Qwen3-4B-think,HumanEval_75,1,True,1,1,pass,27.71
Qwen3-4B-think,HumanEval_75,2,True,1,1,pass,31.28
Qwen3-4B-think,HumanEval_75,3,True,1,1,pass,21.33
Qwen3-4B-think,HumanEval_75,4,True,1,1,pass,30.23
Qwen3-4B-think,HumanEval_76,0,True,1,1,pass,64.68
Qwen3-4B-think,HumanEval_76,1,True,1,1,pass,123.13
Qwen3-4B-think,HumanEval_76,2,True,1,1,pass,81.69
Qwen3-4B-think,HumanEval_76,3,True,1,1,pass,61.57
Qwen3-4B-think,HumanEval_76,4,True,1,1,pass,50.29
Qwen3-4B-think,HumanEval_77,0,True,1,1,pass,75.27
Qwen3-4B-think,HumanEval_77,1,True,1,1,pass,54.39
Qwen3-4B-think,HumanEval_77,2,True,1,1,pass,69.06
Qwen3-4B-think,HumanEval_77,3,True,1,1,pass,64.48
Qwen3-4B-think,HumanEval_77,4,True,1,1,pass,46.64
Qwen3-4B-think,HumanEval_78,0,True,1,1,pass,10.07
Qwen3-4B-think,HumanEval_78,1,True,1,1,pass,11.35
Qwen3-4B-think,HumanEval_78,2,True,1,1,pass,10.18
Qwen3-4B-think,HumanEval_78,3,True,1,1,pass,9.67
Qwen3-4B-think,HumanEval_78,4,True,1,1,pass,8.82
Qwen3-4B-think,HumanEval_79,0,True,1,1,pass,6.71
Qwen3-4B-think,HumanEval_79,1,True,1,1,pass,5.91
Qwen3-4B-think,HumanEval_79,2,True,1,1,pass,6.5
Qwen3-4B-think,HumanEval_79,3,True,1,1,pass,6.47
Qwen3-4B-think,HumanEval_79,4,True,1,1,pass,6.63
Qwen3-4B-think,HumanEval_8,0,True,1,1,pass,8.6
Qwen3-4B-think,HumanEval_8,1,True,1,1,pass,7.96
Qwen3-4B-think,HumanEval_8,2,True,1,1,pass,16.01
Qwen3-4B-think,HumanEval_8,3,True,1,1,pass,13.79
Qwen3-4B-think,HumanEval_8,4,True,1,1,pass,8.27
Qwen3-4B-think,HumanEval_80,0,True,1,1,pass,12.21
Qwen3-4B-think,HumanEval_80,1,True,1,1,pass,13.61
Qwen3-4B-think,HumanEval_80,2,True,1,1,pass,13.42
Qwen3-4B-think,HumanEval_80,3,True,1,1,pass,12.67
Qwen3-4B-think,HumanEval_80,4,True,1,1,pass,14.06
Qwen3-4B-think,HumanEval_81,0,True,1,1,pass,38.88
Qwen3-4B-think,HumanEval_81,1,True,1,1,pass,45.37
Qwen3-4B-think,HumanEval_81,2,True,1,1,pass,34.88
Qwen3-4B-think,HumanEval_81,3,True,1,1,pass,28.16
Qwen3-4B-think,HumanEval_81,4,True,1,1,pass,45.39
Qwen3-4B-think,HumanEval_82,0,True,1,1,pass,13.86
Qwen3-4B-think,HumanEval_82,1,True,1,1,pass,14.69
Qwen3-4B-think,HumanEval_82,2,True,1,1,pass,12.47
Qwen3-4B-think,HumanEval_82,3,True,1,1,pass,12.28
Qwen3-4B-think,HumanEval_82,4,True,1,1,pass,17.36
Qwen3-4B-think,HumanEval_83,0,True,1,1,pass,26.0
Qwen3-4B-think,HumanEval_83,1,True,1,1,pass,29.76
Qwen3-4B-think,HumanEval_83,2,True,1,1,pass,25.65
Qwen3-4B-think,HumanEval_83,3,True,1,1,pass,28.27
Qwen3-4B-think,HumanEval_83,4,True,1,1,pass,38.56
Qwen3-4B-think,HumanEval_84,0,True,1,1,pass,14.85
Qwen3-4B-think,HumanEval_84,1,True,1,1,pass,13.61
Qwen3-4B-think,HumanEval_84,2,True,1,1,pass,9.26
Qwen3-4B-think,HumanEval_84,3,True,1,1,pass,10.99
Qwen3-4B-think,HumanEval_84,4,True,1,1,pass,9.85
Qwen3-4B-think,HumanEval_85,0,True,1,1,pass,8.66
Qwen3-4B-think,HumanEval_85,1,True,1,1,pass,9.59
Qwen3-4B-think,HumanEval_85,2,True,1,1,pass,10.43
Qwen3-4B-think,HumanEval_85,3,True,1,1,pass,8.44
Qwen3-4B-think,HumanEval_85,4,True,1,1,pass,8.01
Qwen3-4B-think,HumanEval_86,0,True,1,1,pass,29.96
Qwen3-4B-think,HumanEval_86,1,True,1,1,pass,31.1
Qwen3-4B-think,HumanEval_86,2,True,1,1,pass,30.42
Qwen3-4B-think,HumanEval_86,3,True,1,1,pass,36.76
Qwen3-4B-think,HumanEval_86,4,True,1,1,pass,34.56
Qwen3-4B-think,HumanEval_87,0,True,1,1,pass,18.68
Qwen3-4B-think,HumanEval_87,1,True,1,1,pass,24.42
Qwen3-4B-think,HumanEval_87,2,True,1,1,pass,19.23
Qwen3-4B-think,HumanEval_87,3,True,1,1,pass,22.44
Qwen3-4B-think,HumanEval_87,4,True,1,1,pass,16.76
Qwen3-4B-think,HumanEval_88,0,True,1,1,pass,21.9
Qwen3-4B-think,HumanEval_88,1,True,1,1,pass,22.59
Qwen3-4B-think,HumanEval_88,2,True,1,1,pass,24.8
Qwen3-4B-think,HumanEval_88,3,True,1,1,pass,13.14
Qwen3-4B-think,HumanEval_88,4,True,1,1,pass,24.9
Qwen3-4B-think,HumanEval_89,0,True,1,1,pass,18.68
Qwen3-4B-think,HumanEval_89,1,True,1,1,pass,16.9
Qwen3-4B-think,HumanEval_89,2,True,1,1,pass,19.73
Qwen3-4B-think,HumanEval_89,3,True,1,1,pass,18.71
Qwen3-4B-think,HumanEval_89,4,True,1,1,pass,21.55
Qwen3-4B-think,HumanEval_9,0,True,1,1,pass,14.42
Qwen3-4B-think,HumanEval_9,1,True,1,1,pass,10.62
Qwen3-4B-think,HumanEval_9,2,True,1,1,pass,10.73
Qwen3-4B-think,HumanEval_9,3,True,1,1,pass,15.06
Qwen3-4B-think,HumanEval_9,4,True,1,1,pass,12.47
Qwen3-4B-think,HumanEval_90,0,True,1,1,pass,42.99
Qwen3-4B-think,HumanEval_90,1,True,1,1,pass,27.97
Qwen3-4B-think,HumanEval_90,2,True,1,1,pass,89.8
Qwen3-4B-think,HumanEval_90,3,True,1,1,pass,23.13
Qwen3-4B-think,HumanEval_90,4,True,1,1,pass,42.5
Qwen3-4B-think,HumanEval_91,0,False,6,0,fail_after_6_turns,312.88
Qwen3-4B-think,HumanEval_91,1,True,1,1,pass,45.85
Qwen3-4B-think,HumanEval_91,2,False,6,0,fail_after_6_turns,279.17
Qwen3-4B-think,HumanEval_91,3,True,5,5,pass,244.92
Qwen3-4B-think,HumanEval_91,4,False,6,0,fail_after_6_turns,215.65
Qwen3-4B-think,HumanEval_92,0,True,1,1,pass,22.0
Qwen3-4B-think,HumanEval_92,1,True,1,1,pass,30.9
Qwen3-4B-think,HumanEval_92,2,True,1,1,pass,19.44
Qwen3-4B-think,HumanEval_92,3,True,1,1,pass,17.18
Qwen3-4B-think,HumanEval_92,4,False,6,0,fail_after_6_turns,216.53
Qwen3-4B-think,HumanEval_93,0,True,1,1,pass,57.79
Qwen3-4B-think,HumanEval_93,1,True,1,1,pass,50.94
Qwen3-4B-think,HumanEval_93,2,True,1,1,pass,50.37
Qwen3-4B-think,HumanEval_93,3,True,1,1,pass,61.44
Qwen3-4B-think,HumanEval_93,4,True,3,3,pass,179.26
Qwen3-4B-think,HumanEval_94,0,True,1,1,pass,28.22
Qwen3-4B-think,HumanEval_94,1,True,1,1,pass,24.52
Qwen3-4B-think,HumanEval_94,2,True,1,1,pass,25.74
Qwen3-4B-think,HumanEval_94,3,True,1,1,pass,25.57
Qwen3-4B-think,HumanEval_94,4,True,1,1,pass,35.98
Qwen3-4B-think,HumanEval_95,0,True,1,1,pass,19.48
Qwen3-4B-think,HumanEval_95,1,True,1,1,pass,15.56
Qwen3-4B-think,HumanEval_95,2,True,1,1,pass,10.61
Qwen3-4B-think,HumanEval_95,3,True,1,1,pass,59.91
Qwen3-4B-think,HumanEval_95,4,True,1,1,pass,19.61
Qwen3-4B-think,HumanEval_96,0,True,1,1,pass,53.03
Qwen3-4B-think,HumanEval_96,1,True,1,1,pass,36.51
Qwen3-4B-think,HumanEval_96,2,True,1,1,pass,35.83
Qwen3-4B-think,HumanEval_96,3,True,1,1,pass,41.36
Qwen3-4B-think,HumanEval_96,4,True,1,1,pass,38.62
Qwen3-4B-think,HumanEval_97,0,True,1,1,pass,9.53
Qwen3-4B-think,HumanEval_97,1,True,1,1,pass,7.49
Qwen3-4B-think,HumanEval_97,2,True,1,1,pass,8.09
Qwen3-4B-think,HumanEval_97,3,True,1,1,pass,8.92
Qwen3-4B-think,HumanEval_97,4,True,1,1,pass,7.16
Qwen3-4B-think,HumanEval_98,0,True,1,1,pass,9.49
Qwen3-4B-think,HumanEval_98,1,True,1,1,pass,7.67
Qwen3-4B-think,HumanEval_98,2,True,1,1,pass,9.07
Qwen3-4B-think,HumanEval_98,3,True,1,1,pass,7.48
Qwen3-4B-think,HumanEval_98,4,True,1,1,pass,8.6
Qwen3-4B-think,HumanEval_99,0,True,1,1,pass,42.92
Qwen3-4B-think,HumanEval_99,1,True,1,1,pass,69.8
Qwen3-4B-think,HumanEval_99,2,True,1,1,pass,40.98
Qwen3-4B-think,HumanEval_99,3,True,1,1,pass,41.33
Qwen3-4B-think,HumanEval_99,4,False,1,0,fail_before_6_turns,556.9517831802368
