setup,count,accuracy,pass_turn1_ratio,pass_turn2_ratio,fail_ratio,median_latency,p50_latency,p90_latency,median_llm_latency_turn1,median_llm_latency_turn2,median_e2e_pass_turn1,median_e2e_pass_turn2,median_e2e_fail
two-turn-nc-0.6nt-0.6t,328,0.564,0.3567,0.2073,0.436,3.45,3.45,18.6,0.71,4.0,0.69,4.13,6.64
two-turn-nc-0.6nt-1.7nt,328,0.689,0.3598,0.3293,0.311,2.21,2.21,3.63,0.72,1.81,0.7,2.58,2.81
two-turn-nc-0.6nt-1.7t,328,0.8384,0.3476,0.4909,0.1616,7.11,7.11,36.04,0.73,11.01,0.72,10.58,20.71
two-turn-nc-0.6nt-14nt,328,0.9085,0.372,0.5366,0.0915,8.62,8.62,15.59,1.08,9.39,1.11,10.73,11.84
two-turn-nc-0.6nt-14t,328,0.9482,0.3476,0.6006,0.0518,47.03,47.03,137.61,1.18,71.54,1.15,71.24,215.97
two-turn-nc-0.6nt-4nt,328,0.7866,0.3872,0.3994,0.2134,2.85,2.85,5.01,1.09,2.3,1.11,3.61,3.75
two-turn-nc-0.6nt-4t,820,0.9354,0.3573,0.578,0.0646,14.59,14.59,51.61,0.73,21.17,0.69,21.66,59.96
two-turn-nc-0.6nt-8nt,328,0.8598,0.3689,0.4909,0.1402,4.43,4.43,7.89,1.1,4.19,1.08,5.57,5.29
two-turn-nc-0.6nt-8t,820,0.9378,0.3573,0.5805,0.0622,27.26,27.26,89.69,0.75,39.42,0.72,39.23,95.4
two-turn-nc-0.6t-0.6nt,328,0.5762,0.5122,0.064,0.4238,5.29,5.29,19.27,4.9,0.61,4.19,7.05,7.28
two-turn-nc-0.6t-1.7nt,328,0.7378,0.4695,0.2683,0.2622,6.04,6.04,23.53,4.56,1.86,3.89,7.01,9.8
two-turn-nc-0.6t-1.7t,328,0.8445,0.4878,0.3567,0.1555,10.47,10.47,43.7,4.64,11.16,3.89,18.03,32.74
two-turn-nc-0.6t-14nt,328,0.9207,0.497,0.4238,0.0793,10.75,10.75,31.03,4.81,9.41,3.85,16.24,22.16
two-turn-nc-0.6t-14t,328,0.9634,0.5061,0.4573,0.0366,20.62,20.62,157.11,4.73,71.73,4.07,78.34,136.39
two-turn-nc-0.6t-4nt,328,0.8323,0.4848,0.3476,0.1677,6.45,6.45,21.53,4.77,2.25,3.85,8.66,10.19
two-turn-nc-0.6t-4t,328,0.9329,0.4878,0.4451,0.0671,14.88,14.88,64.17,4.89,20.68,4.35,30.63,117.79
two-turn-nc-0.6t-8nt,328,0.8567,0.5,0.3567,0.1433,6.99,6.99,28.0,4.76,4.22,3.94,10.95,13.12
two-turn-nc-0.6t-8t,328,0.936,0.4634,0.4726,0.064,22.88,22.88,92.48,4.52,41.28,3.82,47.18,105.21
two-turn-nc-1.7nt-0.6t,328,0.7348,0.6402,0.0945,0.2652,2.71,2.71,14.46,2.23,5.4,2.25,8.62,8.09
two-turn-nc-1.7nt-1.7t,328,0.8506,0.6585,0.1921,0.1494,2.55,2.55,30.89,2.12,14.55,2.1,14.9,22.39
two-turn-nc-1.7nt-14nt,328,0.9055,0.628,0.2774,0.0945,2.76,2.76,15.39,2.23,9.69,2.23,12.19,12.65
two-turn-nc-1.7nt-14t,328,0.9726,0.6341,0.3384,0.0274,2.83,2.83,107.66,2.3,69.42,2.25,70.49,141.13
two-turn-nc-1.7nt-4nt,328,0.8537,0.6616,0.1921,0.1463,2.69,2.69,5.78,2.25,2.2,2.28,5.03,4.66
two-turn-nc-1.7nt-4t,820,0.9402,0.6476,0.2927,0.0598,2.37,2.37,40.59,1.95,22.09,1.91,23.61,79.39
two-turn-nc-1.7nt-8nt,328,0.8902,0.6677,0.2226,0.1098,2.7,2.7,7.63,2.23,4.1,2.25,6.91,7.05
two-turn-nc-1.7nt-8t,820,0.9463,0.6341,0.3122,0.0537,2.46,2.46,72.68,2.0,42.66,1.98,43.7,83.88
two-turn-nc-1.7t-0.6nt,328,0.8476,0.8445,0.003,0.1524,9.13,9.13,32.86,8.93,0.59,8.17,15.26,21.55
two-turn-nc-1.7t-1.7nt,328,0.8689,0.8232,0.0457,0.1311,9.61,9.61,33.09,9.43,1.92,8.53,15.14,21.7
two-turn-nc-1.7t-14nt,328,0.9512,0.8201,0.1311,0.0488,9.89,9.89,38.74,9.16,9.96,8.11,26.82,54.58
two-turn-nc-1.7t-14t,328,0.9604,0.814,0.1463,0.0396,10.12,10.12,117.79,8.86,94.39,8.26,113.84,137.73
two-turn-nc-1.7t-4nt,328,0.875,0.7988,0.0762,0.125,9.47,9.47,35.82,9.08,2.43,8.3,16.61,29.5
two-turn-nc-1.7t-8nt,328,0.9238,0.8262,0.0976,0.0762,10.35,10.35,35.19,9.36,4.11,8.35,20.65,23.23
two-turn-nc-1.7t-8t,328,0.9421,0.8415,0.1006,0.0579,9.92,9.92,62.31,9.07,47.28,8.16,66.32,84.35
two-turn-nc-14nt-0.6t,328,0.9055,0.8933,0.0122,0.0945,9.7,9.7,17.62,9.24,9.09,9.21,13.7,18.04
two-turn-nc-14nt-1.7t,328,0.9421,0.9207,0.0213,0.0579,9.65,9.65,19.31,9.29,29.26,9.32,26.74,42.86
two-turn-nc-14nt-14t,328,0.9756,0.8902,0.0854,0.0244,9.95,9.95,50.78,9.24,106.03,9.27,115.26,177.15
two-turn-nc-14nt-4t,328,0.9695,0.9146,0.0549,0.0305,9.74,9.74,19.92,9.2,40.05,9.21,39.83,110.14
two-turn-nc-14nt-8t,328,0.9573,0.8933,0.064,0.0427,9.82,9.82,35.55,9.2,56.11,9.22,65.77,105.37
two-turn-nc-4nt-0.6t,328,0.8049,0.7652,0.0396,0.1951,3.02,3.02,11.68,2.6,6.16,2.66,7.21,10.27
two-turn-nc-4nt-1.7t,328,0.8963,0.7927,0.1037,0.1037,3.01,3.01,26.77,2.64,21.47,2.71,18.68,28.84
two-turn-nc-4nt-14nt,328,0.936,0.7835,0.1524,0.064,2.98,2.98,13.32,2.59,9.8,2.62,13.09,12.29
two-turn-nc-4nt-14t,328,0.9848,0.7866,0.1982,0.0152,3.17,3.17,84.45,2.73,79.96,2.81,83.2,324.12
two-turn-nc-4nt-4t,328,0.9482,0.7652,0.1829,0.0518,2.56,2.56,40.46,2.26,25.79,2.25,27.45,53.24
two-turn-nc-4nt-8nt,328,0.9085,0.7927,0.1159,0.0915,2.91,2.91,7.37,2.59,4.36,2.65,7.65,6.63
two-turn-nc-4nt-8t,328,0.9512,0.7927,0.1585,0.0488,3.48,3.48,54.39,2.4,45.59,3.12,47.64,73.54
two-turn-nc-8nt-0.6t,328,0.8476,0.8232,0.0244,0.1524,4.44,4.44,10.87,4.1,6.4,4.09,9.88,13.16
two-turn-nc-8nt-1.7t,328,0.9085,0.8232,0.0854,0.0915,4.79,4.79,24.89,4.28,26.4,4.28,19.21,38.14
two-turn-nc-8nt-14nt,328,0.9238,0.8201,0.1037,0.0762,4.5,4.5,13.99,4.13,9.58,4.12,14.97,13.15
two-turn-nc-8nt-14t,328,0.9878,0.8232,0.1646,0.0122,4.62,4.62,90.97,4.28,110.01,4.29,105.02,259.4
two-turn-nc-8nt-4t,328,0.9665,0.8384,0.128,0.0335,4.21,4.21,29.15,3.82,35.72,3.78,29.79,106.89
two-turn-nc-8nt-8t,328,0.9543,0.8201,0.1341,0.0457,4.27,4.27,49.27,3.79,53.67,3.85,48.55,137.12
